sample_id,question,gold_answer,answer_text,rater1_score_0_5,rater2_score_0_5
JC-001,How does the Multiple-Path Particle Dosimetry (MPPD) model estimate particle deposition fractions in the respiratory tract?,"The MPPD model uses computational algorithms to simulate airflow, particle behavior, and deposition mechanisms based on particle size, breathing patterns, and anatomical parameters. It provides detailed predictions of deposition fractions for different regions of the respiratory tract, including alveolar and tracheobronchial zones.","MPPD estimates particle deposition fractions by simulating how aerosol particles move through the respiratory tract using a semi-empirical, physics-based model of airflow and transport in an anatomically defined airway geometry. It computes, for a given particle size (and sometimes breathing mode), the fraction of inhaled particles that are removed from the airstream in each respiratory region (e.g., head, tracheobronchial, alveolar) via three main mechanisms:  

- **Inertial impaction (mainly in the upper airways and at airway bifurcations):** Particles with sufficient inertia can’t follow the airstream as it changes direction, so they impact on airway walls.  
- **Gravitational settling / sedimentation (more important in smaller airways and lower regions):** Particles fall toward airway surfaces under gravity during the residence time of the air in that region.  
- **Brownian diffusion (dominant for ultrafine particles):** Very small particles undergo random motion and collide with airway surfaces.  

MPPD integrates these mechanisms over **region-specific residence times** and **airflow patterns** determined by the selected **breathing parameters** (e.g., resting vs light/heavy breathing) and then reports **deposition fractions** as the proportion of inhaled particles depositing in each modeled compartment (and often the total)",5,5
JC-002,Explain the importance of using time-activity pattern data from the EPA Exposure Factors Handbook in evaluating exposure to indoor air pollutants.,"Time-activity pattern data are critical for estimating indoor air pollutant exposure because they provide insights into how much time individuals spend in specific environments. For example, adults typically spend around 90% of their day indoors, where pollutant concentrations can be higher. Incorporating these patterns allows for a more accurate assessment of cumulative exposure over time.","Time-activity pattern data from the EPA Exposure Factors Handbook (EFH) are important because they provide defensible, population-representative estimates of how long people spend in different microenvironments (e.g., indoors, outdoors, in vehicles) and therefore determine the *effective exposure duration* to indoor air pollutant concentrations. Since indoor dose is proportional to time spent indoors (and to the relevant inhalation rate), using EFH patterns helps ensure that exposure calculations reflect real-world behavior rather than assuming unrealistic 24/7 indoor residence.

They also improve exposure assessment quality by (1) capturing variability across age groups and sex (children vs adults often have different indoor time), (2) reducing bias and uncertainty compared with ad hoc assumptions, and (3) enabling consistent comparisons across studies/regulatory evaluations because EFH patterns are standardized and traceable to a common methodology",5,5
JC-003,Why does the EPA Exposure Factors Handbook provide separate inhalation rate recommendations for different age groups?,"The EPA Exposure Factors Handbook provides separate inhalation rate recommendations for different age groups because physiological differences, such as lung capacity and breathing frequency, vary significantly with age. Children, for instance, have higher inhalation rates per unit body weight compared to adults, making them more vulnerable to airborne contaminants. Age-specific data ensure more accurate exposure and risk assessments.","The EPA Exposure Factors Handbook gives separate inhalation rates by age because breathing volume is not the same across life stages. Infants, children, and adults differ in body size, lung development, metabolism, and activity patterns, so age-specific values make inhalation exposure and dose estimates more accurate and health-protective",4,4
JC-004,Explain the significance of cotinine as a biomarker for exposure to tobacco smoke and how it relates to dosimetry studies.,Cotinine is a metabolite of nicotine and serves as a reliable biomarker for assessing exposure to tobacco smoke. It is used in dosimetry studies to quantify internal doses of nicotine and evaluate health risks associated with smoking or second-hand smoke exposure.,"Cotinine is the principal, relatively long-lived metabolite of nicotine, so its concentration in blood/serum, saliva, or urine provides an objective, integrated measure of recent nicotine exposure from tobacco smoke (and, to a lesser extent, nicotine-containing products). Because cotinine has a measurable half-life (roughly ~16–20 hours in many adults), it smooths short-term fluctuations in smoking behavior and can distinguish “no exposure” from “active exposure” more reliably than self-report.

In dosimetry studies, cotinine functions as a biomarker-based bridge between external exposure and internal dose: researchers can (1) estimate internal nicotine dose using measured cotinine levels, (2) validate or calibrate exposure models (e.g., cigarette consumption, puffing topography, or environmental nicotine/PM measures), and (3) parameterize pharmacokinetic (PK) models that relate inhaled nicotine intake to systemic concentrations over time. This is especially important for comparing different smoking regimens (brand, puff volume, ventilation, filter ventilation, e-cigarette vs cigarette) because two exposures that look similar externally can yield different internal nicotine kinetics—cotinine helps quantify that internal dose and reduce uncertainty in dose-response interpretation",5,5
JC-005,Discuss the role of wearable sensors in complementing GPS data for exposure assessment.,"Wearable sensors can measure real-time pollutant concentrations directly, providing data that complements GPS-based microenvironment classification. Together, they enable a more comprehensive exposure assessment by combining spatial data with pollutant levels.","Wearable sensors complement GPS by adding what location alone cannot provide: personal, time-resolved measurements of pollutants, motion, physiology, and microenvironment conditions. Together, they improve exposure assessment by distinguishing true personal exposure from ambient location-based estimates, capturing indoor/outdoor transitions, commuting peaks, activity-related ventilation changes, and short-term hotspots that GPS alone may miss. 

They are especially useful for reducing exposure misclassification in epidemiologic studies and for identifying high-exposure behaviors or places. Key limitations are sensor accuracy, calibration drift, battery life, data gaps, participant burden, and privacy concerns when combining detailed location and personal monitoring data",5,5
JC-006,"How do ventilation rates associated with different activity levels contribute to variations in inhalation exposure risk, as described in the EPA Exposure Factors Handbook?","Ventilation rates increase with activity levels because physical exertion raises breathing rates. The EPA Exposure Factors Handbook provides data on activity-specific ventilation rates, allowing for more accurate exposure estimates during activities such as exercise, when individuals inhale more air and potentially more pollutants.","The EPA Exposure Factors Handbook indicates that inhalation exposure rises with activity because ventilation rate increases from light to moderate to heavy exertion, so a person breathes more air per hour and takes in more contaminant at the same air concentration. In practical terms, dose is proportional to concentration × inhalation rate × time, so higher-activity periods can substantially increase inhalation risk, especially for people doing sustained outdoor work or exercise in polluted environments",5,5
JC-007,What biases might arise when estimating DALYs for PM2.5-attributable diseases if disability weights are not representative of the affected population?,Biases include over- or underestimation of the disease burden if disability weights do not capture variations in disease severity or cultural perceptions of health states. This may distort prioritization of interventions.,"Using disability weights (DWs) that aren’t representative of the affected PM2.5-attributable populations can bias DALYs in several directions. If the DWs are based on different age distributions, comorbidity profiles, care access, or cultural/health-state valuation than the PM2.5-exposed group, the resulting years lived with disability (YLDs) may be systematically over- or under-estimated (and thus DALYs too). This can also distort comparisons across settings (e.g., high- vs low-income countries) and across subgroups (e.g., older adults with multimorbidity), because the same clinical label (e.g., COPD, stroke sequelae, LRI) may correspond to different functional impairment severity, duration, and recovery patterns in the actual affected population",5,5
JC-008,What is the significance of air exchange rate in determining indoor concentrations of outdoor NO2?,"The air exchange rate determines how quickly outdoor air replaces indoor air, influencing the concentration of outdoor NO2 indoors. Higher air exchange rates can reduce indoor NO2 levels by diluting pollutants and facilitating their removal.","Air exchange rate (AER) is significant because it controls how strongly indoor NO₂ tracks outdoor NO₂. In a simple steady-state mass balance with no indoor NO₂ sources or sinks, the indoor concentration is \(C_{in}=P\,C_{out}\) (penetration factor \(P\)); with indoor removal processes (e.g., deposition/chemical loss) included, \(C_{in}=\frac{P\cdot \text{AER}\cdot C_{out}}{\text{AER}+k_{dep}}\), so higher AER increases the fraction of outdoor NO₂ that replaces indoor air and therefore raises \(C_{in}\) toward \(P\,C_{out}\), while lower AER makes indoor levels more decoupled and more sensitive to any indoor sinks",2,2
JC-009,Critique the use of physiologically-based pharmacokinetic (PBPK) models for route-to-route extrapolation in risk assessment.,"PBPK models allow for the simulation of chemical absorption, distribution, metabolism, and excretion across exposure routes. However, challenges include the accuracy of parameterization, interindividual variability, and assumptions about metabolic equivalence between routes. Validation against empirical data is critical for reliable extrapolation.","PBPK models are valuable for route-to-route extrapolation because they can translate an internal dose from one exposure route to another using mechanistic physiology, metabolism, and tissue partitioning rather than simple default uncertainty factors. Their main strengths are improved biological realism, the ability to account for nonlinear kinetics, and better support for sensitive subgroups or specific exposure scenarios.

However, they are only as good as their assumptions and input data. Key limitations include parameter uncertainty, limited human validation, dependence on route-specific absorption assumptions, and potential failure when the toxic effect is driven by local portal-of-entry toxicity rather than systemic dose. PBPK models are most appropriate when the chemical’s toxic action is systemic, the model is well calibrated, and sufficient data exist to characterize absorption, metabolism, and distribution across routes",5,5
JC-010,What does the relative risk (RR) of 1.3 for cardiovascular mortality per 10 µg/m³ increase in PM2.5 imply about the relationship between exposure and health outcomes?,"A relative risk (RR) of 1.3 implies that for every 10 µg/m³ increase in PM2.5 exposure, the risk of cardiovascular mortality increases by 30% compared to the baseline risk without this level of exposure.","An RR of 1.3 means cardiovascular mortality is 30% higher in the exposed group for each 10 µg/m³ increase in PM2.5, compared with the reference level. In other words, higher PM2.5 exposure is associated with worse cardiovascular health outcomes in a dose-related way",5,5
JC-011,What is the significance of interim targets (ITs) in the WHO AQG framework?,"Interim targets provide progressive steps toward achieving the AQG levels, helping countries with high pollution levels gradually reduce exposure while considering feasibility.","Interim targets (ITs) are a key feature of the WHO AQG 2021 framework — they are progressive, incremental steps (IT-1 through IT-4) that guide countries with high ambient pollution levels toward the ultimate AQG level in a phased, achievable manner. For PM₂.₅, for example, the annual guideline is 5 µg/m³, but IT-1 starts at 35 µg/m³ (reducing near-term mortality risk by ~20–25% relative to no action), then IT-2 (25 µg/m³), IT-3 (15 µg/m³), and IT-4 (10 µg/m³). Their significance is that they bridge the gap between the scientific ideal (the AQG level, where no further health benefits are demonstrated) and real-world political, economic, and technical feasibility, providing concrete, evidence-based benchmarks that allow even the most polluted regions to set enforceable standards and track measurable public health improvements over time",4,4
JC-012,Discuss the implications of assuming constant exposure frequency and duration in risk assessment models.,"Assuming constant exposure frequency and duration simplifies modeling but may overlook variability in real-world scenarios, such as seasonal changes, occupational shifts, or behavioral differences. This can lead to over- or underestimation of risk, highlighting the need for adaptive models incorporating temporal dynamics.","Assuming constant exposure frequency and duration simplifies risk assessment, but it can misrepresent real-world variability in exposure patterns over time, across locations, and among individuals. This may bias risk estimates upward or downward, obscure short-term peak exposures that matter for acute effects, and underrepresent highly exposed or vulnerable subgroups; it is useful for screening, but should be paired with uncertainty analysis or time-resolved modeling when decisions are sensitive to exposure variability",5,5
JC-013,How can commuting exposure to air pollution be assessed using GPS trajectory data and time-weighted averaging (TWA)?,"Commuting exposure can be assessed by mapping GPS trajectory data to specific microenvironments (e.g., transit modes such as buses or trains) and estimating the pollutant concentration in each microenvironment. Using the time spent in each microenvironment, a TWA can be calculated to estimate the overall exposure during the commute.","** Commuting exposure to air pollution via GPS trajectory data and time-weighted averaging (TWA) follows a multi-step workflow:

1. **GPS trajectory segmentation** — The commuter's GPS log (timestamped lat/lon coordinates) is parsed and segmented into microenvironments (e.g., walking on sidewalk, inside bus, in a car, waiting at a station) based on speed profiles, proximity to road types, and indoor/outdoor classifiers.

2. **Concentration assignment** — Each GPS segment is linked to a pollutant concentration estimate. This can be done by spatial kriging/land-use regression surfaces (matching coordinates to ambient concentration maps), fixed-site monitor nearest-neighbor assignment, or microenvironment-specific measurements (e.g., in-vehicle PM₂.₅ from portable sensors). Penetration factors (P) adjust outdoor concentrations for in-vehicle or indoor transit microenvironments.

3. **Time-weighted averaging** — The cumulative TWA concentration is calculated as:  
   **TWA = Σ(Cᵢ × tᵢ) / Σ(tᵢ)**  
   where Cᵢ is the concentration assigned to segment *i* and tᵢ is the time spent in that segment (typically sub-minute resolution for GPS data). This yields the average concentration breathed over the entire commute.

4. **Dose estimation (optional)** — Multiplying the TWA by the commuter's inhalation rate (IR, e.g., 1.5 m³/h for light activity such as driving or 2.5 m³/h for walking/cycling) and total commute time gives an inhaled dose: **Dose = TWA × IR × ET**, which can be normalized by body weight.

This approach, supported by tools like the EPA EFH (inhalation rates by activity level) and microenvironment-specific mass-balance models, enables high-resolution personal exposure assessment beyond what fixed-site monitors alone can provide",5,5
JC-014,Explain how age-specific body weight data from the EPA Exposure Factors Handbook influences the estimation of chemical exposure risks.,"Age-specific body weight data allows for more accurate estimation of chemical exposure because it helps normalize the dose per unit body weight. This is especially important for children, as their smaller body weight and higher intake rates (e.g., air, water, food) per kilogram can result in higher exposure levels compared to adults.","Age-specific body weight is used to convert an external exposure concentration into a dose normalized to body mass, so the same intake can produce very different mg/kg-day doses across life stages. Because children generally weigh less than adults, they often receive a higher dose per kilogram for the same exposure, which can increase estimated risk and make age-specific assessments more protective. EPA Exposure Factors Handbook values provide the default body weights used in these calculations when site-specific data are not available",5,5
JC-015,What is the significance of counterfactual exposure levels in health impact assessments (HIA)?,"Counterfactual exposure levels represent the baseline or ideal exposure scenario against which actual pollutant exposure is compared. They are crucial in HIA for estimating the excess health burden attributable to air pollution and identifying potential benefits of achieving lower pollutant levels, such as those recommended by guidelines like WHO AQGs.","Counterfactual exposure levels in HIA represent the exposure that would have occurred in the absence of the intervention/policy (the “what would have happened anyway” scenario). They are significant because they define the *incremental* health impact attributable to the change being assessed: health outcomes are estimated for the intervention scenario and then contrasted with outcomes under the counterfactual, so the difference is the attributable burden rather than the total burden",4,3
JC-016,"Determine the hazard quotient (HQ) for a child ingesting arsenic-contaminated water at a concentration of 15 µg/L. Assume daily water intake of 378 mL/day, body weight of 18.6 kg, and a reference dose (RfD) of 3 × 10⁻⁴ mg/kg/day.",HQ = (C × IR × EF) / (RfD × BW) = (15 × 10⁻³ × 0.378 × 1) / (3 × 10⁻⁴ × 18.6) = 0.105.,1.02 (unitless),1,1
JC-017,What biases might arise when estimating DALYs for PM2.5-attributable diseases if disability weights are not representative of the affected population?,Biases include over- or underestimation of the disease burden if disability weights do not capture variations in disease severity or cultural perceptions of health states. This may distort prioritization of interventions.,"Non-representative disability weights can systematically over- or underestimate the YLD component of DALYs for PM2.5-attributable diseases, especially if the affected population experiences different symptom severity, comorbidities, age-related impacts, or social functioning losses than the population used to derive the weights. This can bias comparisons across regions and groups, often masking inequities in children, older adults, low-income communities, or people with chronic disease, and may distort priority-setting if culturally specific perceptions of disability are ignored",5,5
JC-018,Why is it important to consider confidence intervals (CI) when interpreting RR values in epidemiological studies?,"Confidence intervals provide a range of plausible values for the RR, reflecting the precision of the estimate and the level of uncertainty. They help assess statistical significance and the reliability of the observed association.","Confidence intervals (CIs) show the range of RR values that are consistent with the observed data, reflecting statistical uncertainty (precision) from sample size, variability, and study design. An RR point estimate alone can be misleading: a wide CI indicates low precision and less confidence in the effect size, while whether the CI includes 1 helps assess whether the association is statistically distinguishable from no effect. CIs also help compare results across studies—overlapping CIs suggest compatible effects, whereas non-overlap suggests stronger evidence of a difference",5,5
JC-019,Explain why indoor PM2.5 concentrations are often lower than outdoor concentrations in buildings with effective HVAC filtration systems.,"Indoor PM2.5 concentrations are typically lower than outdoor levels in buildings with effective HVAC systems because filtration mechanisms remove a significant portion of particulate matter from the incoming air. Additionally, indoor sources of PM2.5 may be limited, and the air exchange rate helps dilute indoor pollutants with cleaner outdoor air.","Indoor PM2.5 concentrations are often lower than outdoor concentrations in buildings with effective HVAC filtration because the filtration system acts as an active removal mechanism that shifts the indoor/outdoor mass balance. In the steady-state mass balance equation, C_in = (P·AER·C_out + S/V) / (AER + k_dep), where P is the penetration factor and k_dep is the total indoor loss rate. A well-designed HVAC system with MERV-13 or HEPA filters does two things: (1) it **reduces the effective penetration factor (P ≪ 1)** for outdoor particles entering via the mechanical ventilation stream, because particles are captured on the filter before entering the occupied space; and (2) it **adds a recirculation filtration removal rate** (effectively increasing k_dep well above the natural deposition rate of ~0.2–0.4 h⁻¹) as indoor air is continuously drawn through the filter. When the total removal rate (AER + k_dep) is large relative to the AER, the I/O ratio becomes P·AER/(AER + k_dep) < 1, driving the indoor concentration below the outdoor level. This protective effect is strongest when the building is operated in recirculation mode with high-efficiency filtration and minimal uncontrolled infiltration",5,5
JC-020,What biases might arise from using default uncertainty factors (UFs) in deriving RfD and RfC values for sensitive subpopulations?,Default UFs may overestimate or underestimate risks for sensitive subpopulations due to variability in toxicodynamics and exposure-response relationships. They may not account for specific genetic or physiological vulnerabilities.,"Default UFs can bias RfD/RfC values in both directions because they apply generic assumptions about toxicokinetic/toxicodynamic variability rather than chemical- and population-specific data. They may underprotect highly susceptible groups such as infants, pregnant people, the elderly, or those with comorbidities if true variability exceeds the default factors, or overprotect if actual variability is smaller, leading to overly conservative values. They can also mask uneven susceptibility across subpopulations by treating human variability as a single default adjustment",5,5
JC-021,How does the Global Burden of Disease (GBD) framework incorporate exposure-response functions to estimate air pollution-related DALYs?,"The GBD framework uses exposure-response functions to model the relationship between air pollution levels and health outcomes, estimating relative risks for specific diseases. These estimates are combined with population exposure data and baseline disease rates to calculate DALYs, which sum years of life lost (YLL) and years lived with disability (YLD) due to air pollution.","The GBD framework combines population exposure estimates with concentration-response functions—historically integrated exposure-response (IER) curves and, in newer analyses, related risk functions—to convert pollutant levels above a counterfactual minimum-risk level into relative risks for specific outcomes. It then calculates attributable fractions, applies them to cause-specific deaths and disability outcomes, and sums years of life lost (YLLs) plus years lived with disability (YLDs) to estimate total DALYs attributable to air pollution",5,5
JC-022,Why is time-weighted averaging (TWA) important for calculating exposure using GPS trajectory data?,"TWA integrates the pollutant concentration from various microenvironments over time, providing an overall exposure estimate. GPS trajectory data helps determine the time spent in each microenvironment, which is essential for accurate TWA calculation.","Time-weighted averaging (TWA) is important because GPS trajectory data usually captures **exposure that changes over time** as a person moves through different microenvironments (e.g., indoors vs outdoors, near vs far from sources). TWA converts this time-varying exposure into a **single representative average** that reflects **how long** the person was exposed at each concentration, which is essential for calculating **dose and health risk** (most risk metrics assume exposure is averaged over a specified period)",5,5
JC-023,How do food ingestion rates provided in the EPA Exposure Factors Handbook help in dietary exposure assessments?,"Food ingestion rates serve as a basis for estimating the intake of contaminants through diet. By stratifying rates by age, gender, and body weight, the EPA enables more accurate predictions of dietary exposure. For instance, children tend to consume more food relative to their body weight, increasing their potential intake of contaminants like pesticides.","EPA Exposure Factors Handbook food ingestion rates provide default estimates of how much of different foods people eat over a given time period. In dietary exposure assessments, they are combined with contaminant concentrations in food to estimate intake, helping assess average and high-end exposures across age groups and populations",4,4
JC-024,Why are blood lead levels commonly used as biomarkers for assessing lead exposure?,"Blood lead levels reflect recent exposure and the amount of lead circulating in the bloodstream, making them a direct measure of internal dose. They are widely used because they can be easily measured and correlate with health outcomes related to lead toxicity.","** Blood lead levels (BLL) are the most widely used biomarker for lead exposure because they reflect the actively circulating, bioavailable fraction of lead in the body, which is in equilibrium with soft tissues (brain, kidney, bone marrow) and therefore correlates most directly with the current internal dose and risk of toxicity. Unlike bone lead (which reflects cumulative exposure over decades) or urine lead (which is highly variable and primarily reflects recent clearance), BLL integrates recent and ongoing exposure from all sources (inhalation, ingestion, dermal) and has been extensively validated against critical health endpoints — particularly neurodevelopmental deficits in children and cardiovascular/renal effects in adults — with well-established reference levels (e.g., CDC's 3.5 µg/dL action threshold). Additionally, BLL measurement is standardized, widely available (via graphite furnace atomic absorption or ICP-MS), and supported by robust quality-control programs, making it the practical gold standard for both clinical screening and epidemiological surveillance",5,5
JC-025,Explain the significance of cotinine as a biomarker for exposure to tobacco smoke and how it relates to dosimetry studies.,Cotinine is a metabolite of nicotine and serves as a reliable biomarker for assessing exposure to tobacco smoke. It is used in dosimetry studies to quantify internal doses of nicotine and evaluate health risks associated with smoking or second-hand smoke exposure.,"** Cotinine is the primary proximate metabolite of nicotine—produced via CYP2A6-mediated oxidation—and is the gold-standard biomarker for tobacco smoke exposure because it has a much longer elimination half-life (~16–20 hours, versus ~2 hours for nicotine), shows high specificity (not present from dietary sources), and correlates strongly with both active smoking dose and secondhand smoke (SHS) exposure. For dosimetry, cotinine concentrations measured in blood, saliva, or urine serve as a surrogate for internal dose and are used in pharmacokinetic (PK) models that link external exposure metrics (cigarettes per day, ambient nicotine/SHS levels) to uptake and metabolism. These PK models, including the Jacob et al. and Benowitz et al. frameworks, allow researchers to back-calculate inhaled nicotine mass from steady-state cotinine levels, bridging the gap between ambient monitoring and actual absorbed dose. This makes cotinine essential in studies of environmental tobacco smoke (ETS) exposure, risk assessment for vulnerable groups (infants, pregnant women), and calibration of self-reported smoking data in epidemiological cohorts",5,5
JC-026,Explain why the I/O ratio of PM10 is typically higher than PM2.5 in areas with significant indoor dust sources.,"PM10 is more influenced by resuspension from indoor surfaces due to its larger size, whereas PM2.5 primarily infiltrates from outdoor air.","PM10 includes coarse particles that are readily generated and resuspended indoors from dust, cleaning, foot traffic, and settled debris, so indoor sources can add a lot to the indoor concentration. PM2.5 is dominated more by outdoor combustion particles and is less strongly boosted by simple dust resuspension, so in dusty indoor environments the indoor/outdoor ratio is typically higher for PM10 than for PM2.5",5,5
JC-027,Explain how relative risk (RR) values are utilized in exposure-response functions to estimate air pollution-related health impacts for morbidity outcomes.,"Relative risk (RR) values quantify the increased probability of an adverse health outcome associated with exposure to a specific pollutant level compared to a baseline (counterfactual) exposure. Exposure-response functions use RR to model the relationship between pollutant concentrations and health outcomes, enabling estimates of excess morbidity attributable to exposure. These estimates inform public health interventions.","** Relative risk (RR) values are the core of exposure-response functions used to quantify air pollution morbidity impacts. In the standard log-linear or integrated exposure-response (IER) framework, the RR at a given pollution concentration C is modeled as RR(C) = exp[β·(C − C₀)] or through a more complex IER curve (as in GBD 2019 for PM₂.₅), where β is the slope coefficient derived from epidemiological cohort studies. The RR is then converted into an attributable fraction (AF) via AF = (RR − 1)/RR, which represents the proportion of morbidity cases at that exposure level that can be attributed to the air pollutant. This AF is applied to the baseline morbidity incidence rate (e.g., hospital admissions for asthma, COPD exacerbations, or myocardial infarction) to yield attributable cases per population: Attributable Cases = Population × (Baseline Rate) × AF. Estimating AF for the entire population requires weighting by exposure distribution (population attributable fraction, PAF), and uncertainty from the RR confidence interval is propagated through the calculation. For morbidity specifically, exposure-response functions often use cause-specific RRs—e.g., GBD 2019 uses per 10 µg/m³ PM₂.₅ RRs of 1.23 for ischemic heart disease, 1.14 for COPD, and 1.07 for lower respiratory infections—each derived from meta-analyses and applied to the relevant morbidity endpoint",4,4
JC-028,How does the Global Burden of Disease (GBD) framework incorporate the concept of susceptible populations in its health impact assessments?,"The GBD framework incorporates susceptible populations by adjusting exposure-response relationships and baseline health data to account for groups like children, the elderly, and individuals with pre-existing conditions. These populations are more vulnerable to environmental hazards, which is reflected in higher relative risks or attributable fractions.","The GBD framework incorporates susceptible populations primarily through four mechanisms: (1) **Integrated Exposure-Response (IER) functions** — instead of assuming a linear dose-response for PM₂.₅, the IER curves from GBD 2019 capture how risk increases steeply at low concentrations (where susceptible subgroups are more sensitive) and flattens at higher concentrations, reflecting etiological heterogeneity across studies. (2) **Theoretical Minimum Risk Exposure Level (TMREL)** — set at 2.4–5.9 µg/m³ for PM₂.₅, this acknowledges that even below the TMREL, some individuals remain susceptible due to pre-existing disease or genetics, so no further risk is attributed at the population level. (3) **Age/sex stratification** — GBD disaggregates baseline mortality rates and exposure distributions by age group and sex, so elderly populations (higher cardiovascular susceptibility) and children (higher vulnerability to lower respiratory infections) receive appropriately different risk weights. (4) **Comorbidity adjustment** — through the cause-deleted life table and the GBD comorbidity simulation (COMO), the framework avoids double-counting deaths in individuals with multiple conditions that may amplify susceptibility, producing more accurate attributable burden estimates",3,4
JC-029,Explain why the EPA Exposure Factors Handbook provides separate drinking water intake rates for different age groups.,"Drinking water intake rates vary significantly with age due to differences in body size, metabolic needs, and activity levels. Providing age-specific rates improves the accuracy of exposure assessments for sensitive populations, such as children and the elderly.","EPA’s Exposure Factors Handbook provides separate drinking water intake rates for different age groups because water consumption varies substantially with age due to differences in body size, metabolism, and typical daily activity patterns. Using age-specific intake rates improves exposure-dose estimates by matching the amount of water actually consumed by each group, rather than applying a single average that could overestimate risk for some ages and underestimate it for others",5,5
JC-030,List three key inputs required for health impact assessment (HIA) using BenMAP software and explain their relevance.,"Air quality data (exposure levels), population data (size and demographics), epidemiological exposure-response functions.","Three key inputs for BenMAP HIA are:

1) **Air pollution concentration (or emissions) scenario(s)** (e.g., baseline vs. counterfactual PM2.5/ozone/NO2):  
   *Relevance:* BenMAP uses these concentrations to estimate changes in exposure and then translate them into health outcome changes using concentration–response functions.

2) **Population data (demographics and baseline health burden)** for the study geography and time period:  
   *Relevance:* It determines how many people are exposed and the baseline incidence/mortality rates needed to calculate attributable cases/deaths.

3) **Health impact functions (C–R relationships) and baseline rates** (often selected within BenMAP, sometimes with effect estimates like RR per concentration change):  
   *Relevance:* These specify how a unit change in pollutant concentration affects specific health endpoints (e.g., mortality, hospital admissions), which is the core of converting exposure changes into health impacts",5,5
JC-031,How can commuting exposure to air pollution be assessed using GPS trajectory data and time-weighted averaging (TWA)?,"Commuting exposure can be assessed by mapping GPS trajectory data to specific microenvironments (e.g., transit modes such as buses or trains) and estimating the pollutant concentration in each microenvironment. Using the time spent in each microenvironment, a TWA can be calculated to estimate the overall exposure during the commute.","Use GPS trajectory data to split a commute into time-stamped segments or microenvironments, such as walking on roadside links, riding in a car, waiting at stops, or being on rail, then assign each segment a pollutant concentration from nearby monitors, land-use regression, dispersion models, or mobile sensors. The commute TWA is calculated as \( \text{TWA}=\sum(C_i \times t_i)/\sum t_i \), where \(C_i\) is the concentration for segment \(i\) and \(t_i\) is time spent there; this can be refined by accounting for transport mode, in-vehicle infiltration, ventilation, and time alignment between GPS and pollution data",5,5
JC-032,Why is the WHO AQG for daily SO₂ exposure set at 40 µg/m³ in 2021?,"The guideline reflects evidence on the short-term respiratory effects of SO₂ exposure, including asthma exacerbation, even at low concentrations.","WHO set the 2021 24-hour SO₂ guideline at 40 µg/m³ to protect against short-term respiratory effects, especially bronchoconstriction and asthma symptoms, which can occur at relatively low concentrations. It is a health-based guideline derived from the evidence base and chosen conservatively to reduce risk in sensitive groups, including people with asthma and children",5,5
JC-033,Why does the EPA Exposure Factors Handbook provide age-specific inhalation rates for exposure modeling?,"Age-specific inhalation rates are crucial because respiratory physiology changes significantly across different life stages. For example, children have higher ventilation rates per unit of body weight compared to adults, making them more susceptible to airborne contaminants.","The EPA Exposure Factors Handbook provides age-specific inhalation rates because breathing rate changes substantially with age, body size, and activity patterns. Using age-specific values improves exposure estimates by better matching how much air different life stages actually inhale, which is important for children, adolescents, and adults in risk assessment",4,5
JC-034,What is the role of the attributable fraction (AF) in health impact assessments of air pollution?,"The attributable fraction (AF) quantifies the proportion of a health outcome (e.g., mortality or morbidity) in a population that can be attributed to a specific exposure, such as air pollution. It is calculated using the relative risk and represents the burden of disease that could be prevented if the exposure were eliminated or reduced to a counterfactual level.","Attributable fraction (AF) in air-pollution health impact assessments represents the **proportion of disease burden in a population that is due to the exposure** (e.g., PM2.5, NO2), assuming the exposure–response relationship from epidemiology is causal and the counterfactual “no exposure” scenario is valid. It is typically derived from the **relative risk (RR)** as **AF = (RR − 1)/RR** (or as a population attributable fraction when exposure prevalence is used), and it is then applied to baseline incidence/mortality to estimate the **number of attributable cases/deaths",5,5
JC-035,What factors influence the contribution of commuter exposure to total daily exposure?,"Factors include the duration of commuting, concentration levels in vehicles or transit environments, ventilation rates, and the individual's inhalation rate during commuting.","Commuter exposure’s share of total daily exposure is mainly driven by time spent commuting, pollutant concentrations during travel, and how those compare with home, work, and other microenvironments. It also depends on travel mode and route, ventilation or window settings, traffic intensity, trip timing, and personal breathing rate, since a short trip in very polluted conditions can contribute disproportionately to daily dose",5,5
JC-036,List three key inputs required for health impact assessment (HIA) using BenMAP software and explain their relevance.,"Air quality data (exposure levels), population data (size and demographics), epidemiological exposure-response functions.","Three key BenMAP HIA inputs are: 1) the pollutant concentration surface or concentration change scenario, which defines the exposure being evaluated; 2) the population data, which determines how many people are exposed in each location; and 3) the concentration–response function or health effect estimate, which links the pollutant change to expected health outcomes. Together, these inputs let BenMAP estimate the number of attributable cases and related health impacts",5,5
JC-037,Explain the significance of cotinine as a biomarker for exposure to tobacco smoke and how it relates to dosimetry studies.,Cotinine is a metabolite of nicotine and serves as a reliable biomarker for assessing exposure to tobacco smoke. It is used in dosimetry studies to quantify internal doses of nicotine and evaluate health risks associated with smoking or second-hand smoke exposure.,"Cotinine, the major metabolite of nicotine, is widely used as a biomarker of tobacco smoke exposure because it is relatively specific to tobacco, measurable in blood, urine, or saliva, and has a longer half-life than nicotine, so it reflects recent exposure over about 1–3 days. In dosimetry studies, cotinine helps translate external smoke exposure into internal absorbed dose, validate exposure models, and compare uptake across active smokers, secondhand smoke–exposed nonsmokers, and different microenvironments or behaviors",5,5
JC-038,How does the Global Burden of Disease (GBD) framework incorporate exposure-response functions to estimate air pollution-related DALYs?,"The GBD framework uses exposure-response functions to model the relationship between air pollution levels and health outcomes, estimating relative risks for specific diseases. These estimates are combined with population exposure data and baseline disease rates to calculate DALYs, which sum years of life lost (YLL) and years lived with disability (YLD) due to air pollution.","GBD incorporates air-pollution exposure–response functions by using **Integrated Exposure–Response (IER) curves** (estimated from epidemiologic evidence) to map an exposure level (e.g., PM2.5) to a **relative risk (RR)** for specific health outcomes. For each location, time, and population group, GBD then computes the **attributable fraction** (typically using \(AF=(RR-1)/RR\), or an equivalent PAF formulation) relative to a **theoretical minimum risk exposure level (TMREL)**, so that only the excess risk above TMREL contributes to burden.

Those attributable fractions are applied to outcome counts to estimate **air pollution–attributable mortality and morbidity**, which are then converted to **DALYs** using:
- **YLL (Years of Life Lost)**: attributable deaths × remaining life expectancy (from GBD life tables),
- **YLD (Years Lived with Disability)**: attributable incident/prevalent cases × **disability weights** (and duration/severity assumptions).

In short: **exposure → IER → RR → attributable fraction → attributable deaths/cases → YLL + YLD → DALYs",5,5
JC-039,Explain why the I/O ratio of PM10 is typically higher than PM2.5 in areas with significant indoor dust sources.,"PM10 is more influenced by resuspension from indoor surfaces due to its larger size, whereas PM2.5 primarily infiltrates from outdoor air.","PM10 often has a higher indoor/outdoor ratio in dusty indoor environments because indoor activities like walking, cleaning, and resuspending settled dust generate a lot of coarse particles that fall into the PM10 size range. PM2.5 is more often dominated by outdoor infiltration and combustion sources, so when indoor dust sources are strong, indoor PM10 rises disproportionately and its I/O ratio becomes higher than that of PM2.5",5,5
JC-040,How does the EPA Exposure Factors Handbook utilize ventilation rates in exposure modeling?,"Ventilation rates are used in exposure modeling to estimate inhalation exposure to airborne pollutants during various activity levels, such as rest, light activity, and heavy exercise. Higher activity levels result in increased ventilation rates and, consequently, higher exposure.","EFH (Exposure Factors Handbook) doesn’t usually “model” ventilation itself; instead, it provides the exposure-factor inputs (e.g., time spent indoors/outdoors, inhalation rates, body weights) that are combined with concentrations predicted by an air-quality or microenvironment model. In indoor exposure modeling, ventilation rates (often expressed as air exchange rate, AER, in h⁻¹) are used in mass-balance equations to estimate indoor concentration from outdoor concentration (and any indoor sources/sinks), e.g., in steady state: \(C_{in} = \frac{P\cdot AER \cdot C_{out} + S/V}{AER + k_{dep}}\). EFH then supplies how long people are in that microenvironment and how much air they inhale during that time, so the ventilation-driven \(C_{in}\) is converted into dose/exposure via inhalation intake",2,2
JC-041,Explain the significance of cotinine as a biomarker for exposure to tobacco smoke and how it relates to dosimetry studies.,Cotinine is a metabolite of nicotine and serves as a reliable biomarker for assessing exposure to tobacco smoke. It is used in dosimetry studies to quantify internal doses of nicotine and evaluate health risks associated with smoking or second-hand smoke exposure.,"Cotinine is the major, relatively stable metabolite of nicotine, so it is widely used as a biomarker of recent exposure to tobacco smoke, including secondhand smoke. In dosimetry studies, cotinine helps quantify internal dose by linking measured body burdens to the amount and timing of smoke exposure, making it useful for comparing exposure across people and validating exposure models",5,5
JC-042,"How do ventilation rates associated with different activity levels contribute to variations in inhalation exposure risk, as described in the EPA Exposure Factors Handbook?","Ventilation rates increase with activity levels because physical exertion raises breathing rates. The EPA Exposure Factors Handbook provides data on activity-specific ventilation rates, allowing for more accurate exposure estimates during activities such as exercise, when individuals inhale more air and potentially more pollutants.","In the EPA Exposure Factors Handbook, higher activity levels correspond to higher ventilation rates, so people inhale more air per hour and can receive a larger inhaled dose at the same pollutant concentration. In general, light activity is about 1.5 m³/h, moderate about 2.5 m³/h, and heavy about 4.8 m³/h for males, with female rates roughly 30% lower; this means exposure risk rises as activity intensity increases because inhalation intake increases",4,5
JC-043,"Describe the factors that influence the penetration factor of PM2.5 into indoor environments, and discuss how these factors vary for different building envelope materials.","Penetration factor is influenced by particle size, building envelope tightness, and the presence of filters. For example, well-sealed buildings with dense materials like concrete have lower penetration factors compared to older buildings with porous materials like wood.","The PM2.5 penetration factor is the fraction of outdoor particles that pass through the building envelope and remain airborne indoors; it is controlled mainly by particle size, air leakage pathway geometry, pressure-driven airflow, envelope tightness, and particle losses during transport. For PM2.5, penetration is often high through cracks and gaps because these particles are small enough to follow airflow, but it decreases when pathways are long, tortuous, or lined with fibrous/rough materials that enhance diffusion, interception, and impaction.

Different envelope materials matter mostly because they create different leakage characteristics rather than because particles pass through the solid material itself. Tight, well-sealed assemblies such as well-installed concrete, masonry, or modern insulated wall systems usually have lower penetration because infiltration occurs through fewer and smaller leaks; older wood-frame construction, poorly sealed window frames, and assemblies with many joints or porous interfaces often show higher penetration. Materials and components with fibrous or porous structure—such as some insulation layers, weatherstripping, or filter-like vents—can reduce penetration by trapping particles, whereas smooth, direct leakage paths around doors, windows, and service penetrations tend to allow greater PM2.5 entry",5,5
JC-044,Describe how environmental tobacco smoke (ETS) contributes to indoor air pollution and influences the I/O ratio of PM2.5.,"ETS is a major indoor source of PM2.5, releasing fine particles and VOCs directly into the indoor environment. Homes with active smoking often exhibit elevated PM2.5 levels indoors, resulting in an I/O ratio greater than 1, as ETS adds to indoor pollutant loads independent of outdoor concentrations.","** Environmental tobacco smoke (ETS) is a potent indoor source of PM2.5, introducing the source term **S** (mass emitted per hour) into the steady-state mass balance equation: **C_in = (P·AER·C_out + S/V) / (AER + k_dep)**. In the absence of indoor sources, the indoor/outdoor (I/O) ratio reduces to the infiltration factor **P·AER/(AER + k_dep)** — typically <1.0 since particle penetration (P) is <1 and deposition (k_dep) removes particles indoors. However, when ETS is present, the **S/V** term adds a positive increment to C_in that is independent of C_out, making the I/O ratio **I/O = P·AER/(AER + k_dep) + (S/V)/[C_out·(AER + k_dep)]**. During active smoking, S is large enough to drive I/O ratios far above 1.0 (often 2–10+ in real-world homes), meaning indoor concentrations exceed outdoor levels and outdoor air quality becomes a poor proxy for personal exposure. This dominance of the indoor source also means that interventions like increasing AER (ventilation) or reducing S (smoking bans) are much more effective at lowering indoor PM2.5 than controlling ambient levels",5,5
JC-045,What does the relative risk (RR) of 1.3 for cardiovascular mortality per 10 µg/m³ increase in PM2.5 imply about the relationship between exposure and health outcomes?,"A relative risk (RR) of 1.3 implies that for every 10 µg/m³ increase in PM2.5 exposure, the risk of cardiovascular mortality increases by 30% compared to the baseline risk without this level of exposure.","An RR of 1.3 means that for each 10 µg/m³ increase in PM2.5, the risk of cardiovascular mortality is estimated to be 30% higher relative to the comparison exposure level. This indicates a positive association between higher PM2.5 exposure and worse cardiovascular health outcomes, though RR alone describes association rather than proving causation",5,5
JC-046,Explain the importance of using time-activity pattern data from the EPA Exposure Factors Handbook in evaluating exposure to indoor air pollutants.,"Time-activity pattern data are critical for estimating indoor air pollutant exposure because they provide insights into how much time individuals spend in specific environments. For example, adults typically spend around 90% of their day indoors, where pollutant concentrations can be higher. Incorporating these patterns allows for a more accurate assessment of cumulative exposure over time.","Time-activity pattern data from the EPA Exposure Factors Handbook (EFH 2011, Chapters 6 and 16) are essential for accurate exposure assessment because, per the standard exposure equation (E = C × IR × t), exposure depends not just on pollutant concentration but on how long a person spends in each microenvironment. The EFH provides nationally representative defaults showing that adults spend ~20 hours/day indoors (residence ~16.4 h), only ~1.8 hours outdoors, and ~1.5 hours in vehicles. This means that indoor air quality — even at modest pollutant concentrations — dominates an individual's total daily integrated exposure because of the disproportionate time spent indoors. Furthermore, because indoor concentrations of many pollutants (e.g., PM2.5, VOCs) can differ substantially from outdoor levels due to penetration factors, indoor sources, and removal rates, using default outdoor-centric monitoring data without time-activity weighting leads to significant exposure misclassification. The EFH also provides age- and sex-specific patterns (e.g., children spend more time indoors at school, the elderly increase residential time), which is critical when assessing susceptible subpopulations. Proper application of these data is the foundation of microenvironment-based exposure modeling and is directly endorsed by EPA risk assessment guidance (RAGS Part E)",4,5
JC-047,"Using WHO AQG daily PM2.5 target of 15 µg/m³, determine whether a monitoring dataset with daily values of [10, 20, 18, 12, 15, 14, 16 µg/m³] meets the guideline.",Mean daily concentration = (10+20+18+12+15+14+16)/7 = 15 µg/m³; the dataset meets the guideline.,False — the dataset does not meet the WHO daily PM2.5 guideline because two days exceed 15 µg/m³ (20 and 18 µg/m³),1,1
JC-048,"Identify three key health outcomes commonly assessed in global burden of disease (GBD) studies related to air pollution exposure, and explain their relevance.","Cardiovascular diseases (e.g., ischemic heart disease, stroke), respiratory diseases (e.g., COPD, asthma), and lung cancer. These outcomes are major contributors to morbidity and mortality globally and have strong evidence linking them to air pollution exposure.","Three commonly assessed GBD air-pollution outcomes are ischemic heart disease, stroke, and chronic obstructive pulmonary disease (COPD). They are important because they account for a large share of premature mortality and disability attributable to long-term exposure to PM2.5 and other pollutants, making them key endpoints for estimating population health burden and guiding policy",5,4
JC-049,How does the Multiple-Path Particle Dosimetry (MPPD) model estimate regional deposition fractions in children compared to adults?,"The MPPD model accounts for anatomical differences such as smaller airway diameters and faster breathing rates in children, which increase deposition fractions in the tracheobronchial and alveolar regions compared to adults. Age-specific airway geometry and ventilation parameters are integrated into the calculations.","The MPPD model estimates regional deposition fractions by combining particle size with age-specific airway geometry, breathing pattern, and ventilation. Compared with adults, children generally have smaller airways and higher breathing rates per body size, which often increases deposition in the head and tracheobronchial regions for the same particle size, though the exact pattern depends on particle diameter and breathing mode",3,4
JC-050,"Determine the multi-route hazard quotient (HQ) for an adult exposed to lead via inhalation (5 µg/m³) and ingestion (10 µg/day). Assume inhalation rate of 15.7 m³/day, ingestion rate of 1053 mL/day, body weight of 80 kg, and RfD of 4 × 10⁻⁴ mg/kg/day.",HQ_inhalation = (C_inhalation × IR) / (RfD × BW); HQ_ingestion = (C_ingestion × IR_ingestion) / (RfD × BW); Total HQ = HQ_inhalation + HQ_ingestion = (5 × 15.7 / (4 × 10⁻⁴ × 80)) + (10 × 10⁻³ × 1.053 / (4 × 10⁻⁴ × 80)) = 0.49 + 0.33 = 0.82.,2.77,1,1
JC-051,List three key inputs required for health impact assessment (HIA) using BenMAP software and explain their relevance.,"Air quality data (exposure levels), population data (size and demographics), epidemiological exposure-response functions.","Three key inputs for a BenMAP health impact assessment are: (1) **air pollution concentration data** or the change in concentration between scenarios, because BenMAP uses this exposure difference to estimate how much risk changes; (2) **population data**, because the number, age, and location of people exposed determine how many health events could be affected; and (3) **health impact functions with baseline incidence rates**, because the concentration-response relationship quantifies how pollution changes health risk, while baseline rates tell BenMAP how many cases or deaths would occur in the population to begin with",5,5
JC-052,Explain the role of time-activity diaries in validating GPS-based microenvironment classifications for exposure assessment.,"Time-activity diaries provide self-reported data on an individual's location and activities, which can be compared with GPS-derived classifications to verify accuracy. They help identify errors or gaps in GPS data, such as misclassified locations or missing time periods.","Time-activity diaries provide the contextual “ground truth” needed to check whether GPS points are being assigned to the correct microenvironments, such as home, work, transit, or outdoors. They help identify misclassification from GPS errors, signal loss, or ambiguous locations, and they can be used to refine algorithms and improve exposure estimates by adding behavioral context that GPS alone cannot capture",5,5
JC-053,"Calculate the total inhaled dose for an adult male who spends 8 hours sleeping (0.45 m³/h), 8 hours sedentary (0.54 m³/h), and 8 hours performing light activity (1.5 m³/h) in an environment with a constant concentration of 25 µg/m³.",Dose = Σ(Ci × IRi × ti). Dose = 25 µg/m³ × (0.45 m³/h × 8 h + 0.54 m³/h × 8 h + 1.5 m³/h × 8 h) = 25 × (3.6 + 4.32 + 12) = 25 × 19.92 = 498 µg.,498 µg/day,5,5
JC-054,Why does EPA EFH recommend separate inhalation rates for short-term vs long-term exposure assessments? What bias arises from using long-term rates in acute scenarios?,"Short-term rates account for variability in activity patterns (e.g., exercise, sleep) that influence inhalation rates over short durations. Long-term rates are averages and may underestimate peak exposures during high-activity periods, leading to bias in acute risk assessments.","Short-term and long-term inhalation rates differ because they reflect different typical activity patterns and physiology over the exposure duration. EFH uses long-term rates for chronic assessments (generally lower, more representative of sustained daily breathing and time-activity patterns) and short-term rates for acute assessments (higher activity/ventilation during shorter periods), so the inhaled dose is not systematically mis-scaled.

If you use long-term inhalation rates in an acute scenario, you typically **underestimate** the inhaled dose (and thus risk) because acute exposures often occur during periods of greater breathing rates (e.g., higher activity, stress, or different time-activity behavior). This creates a **bias toward underprediction** of dose/risk for acute effects",5,5
JC-055,Why does EPA EFH recommend separate inhalation rates for short-term vs long-term exposure assessments? What bias arises from using long-term rates in acute scenarios?,"Short-term rates account for variability in activity patterns (e.g., exercise, sleep) that influence inhalation rates over short durations. Long-term rates are averages and may underestimate peak exposures during high-activity periods, leading to bias in acute risk assessments.","EPA EFH separates short-term and long-term inhalation rates because breathing varies strongly with activity and time scale: acute exposures often occur during specific hours or events with elevated exertion, while long-term rates are averaged over days to years and smooth out those peaks. Using long-term average rates in an acute scenario usually biases dose downward, underestimating inhaled dose and risk when the short-term event coincides with higher-than-average breathing rates",5,5
JC-056,"A person spends 18 hours indoors and 6 hours outdoors on weekdays, but 12 hours indoors and 12 hours outdoors on weekends. If the indoor concentration is 40 µg/m³ and the outdoor concentration is 20 µg/m³, calculate the weekly average exposure.",Weekday TWA = 40 µg/m³ * (18/24) + 20 µg/m³ * (6/24) = 30 µg/m³. Weekend TWA = 40 µg/m³ * (12/24) + 20 µg/m³ * (12/24) = 30 µg/m³. Weekly average = (30 µg/m³ * 5 + 30 µg/m³ * 2) / 7 = 30 µg/m³.,33.6 µg/m³,1,2
JC-057,How can commuting exposure to air pollution be assessed using GPS trajectory data and time-weighted averaging (TWA)?,"Commuting exposure can be assessed by mapping GPS trajectory data to specific microenvironments (e.g., transit modes such as buses or trains) and estimating the pollutant concentration in each microenvironment. Using the time spent in each microenvironment, a TWA can be calculated to estimate the overall exposure during the commute.","Commuting exposure can be assessed by using GPS trajectories to reconstruct where a person spends time during the commute, then assigning an air pollution concentration to each segment or microenvironment along the route. The time-weighted average (TWA) exposure is then calculated as the sum of each segment’s concentration multiplied by its duration, divided by the total commute time: TWA = Σ(Cᵢ·tᵢ) / Σ(tᵢ)",5,5
JC-058,"Determine the indoor PM2.5 concentration after 2 hours if the initial concentration is 100 µg/m³, the outdoor concentration is 50 µg/m³, AER is 0.4 h⁻¹, and deposition rate is 0.1 h⁻¹.",C_t = C_ss + (C_0 - C_ss)·e^(-t/τ); τ = 1/(AER + k) = 1/(0.4+0.1) = 2 h; C_ss = (P·AER·C_out)/(AER + k) = 50; C_t = 50 + (100-50)·e^(-2/2) = 50 + 50·e^(-1) ≈ 68.2 µg/m³.,"62.1 µg/m³** (rounded to one decimal place)

**Calculation:**  
- Steady-state concentration: \( C_{ss} = \frac{P \cdot AER \cdot C_{out}}{AER + k_{dep}} = \frac{1.0 \times 0.4 \times 50}{0.4 + 0.1} = 40\; \mu g/m^3 \)  
- Time constant: \( \tau = \frac{1}{AER + k_{dep}} = \frac{1}{0.5} = 2\;h \)  
- Dynamic solution at \( t = 2\;h \) (one time constant):  
  \( C_{in}(2) = C_{ss} + (C_0 - C_{ss}) \cdot e^{-(AER + k_{dep})t} = 40 + (100 - 40) \cdot e^{-1.0} \approx 40 + 60 \times 0.3679 = 62.1\; \mu g/m^3 \)",3,4
JC-059,"Determine the hazard quotient (HQ) for a child ingesting arsenic-contaminated water at a concentration of 15 µg/L. Assume daily water intake of 378 mL/day, body weight of 18.6 kg, and a reference dose (RfD) of 3 × 10⁻⁴ mg/kg/day.",HQ = (C × IR × EF) / (RfD × BW) = (15 × 10⁻³ × 0.378 × 1) / (3 × 10⁻⁴ × 18.6) = 0.105.,0.0008,1,1
JC-060,Evaluate the trade-offs between self-reported time-activity diaries and wearable sensors for exposure assessment in epidemiological studies.,"Self-reports provide context and activity detail but are prone to recall bias. Wearable sensors offer objective data but may have accuracy, calibration, and participant compliance issues.","Self-reported time-activity diaries are inexpensive, scalable, and useful for capturing context that sensors cannot easily infer, such as cooking, commuting mode, or perceived exposures, but they are prone to recall error, social desirability bias, and coarse time resolution. Wearable sensors provide more objective, high-resolution exposure and location/activity data, reducing some misclassification, but they are costlier, require calibration and data processing, may miss contextual meaning, and can introduce compliance, privacy, and technical problems. In epidemiological studies, diaries are often better for large cohorts and contextual interpretation, while wearables are stronger for short-term, dynamic exposure assessment; combining both is often the best approach",5,5
JC-061,Explain why indoor PM2.5 concentrations are often lower than outdoor concentrations in buildings with effective HVAC filtration systems.,"Indoor PM2.5 concentrations are typically lower than outdoor levels in buildings with effective HVAC systems because filtration mechanisms remove a significant portion of particulate matter from the incoming air. Additionally, indoor sources of PM2.5 may be limited, and the air exchange rate helps dilute indoor pollutants with cleaner outdoor air.","Indoor PM2.5 is often lower than outdoor PM2.5 when buildings have effective HVAC filtration because the HVAC system removes particles from the air stream before they circulate indoors. In addition, well-sealed buildings and controlled ventilation reduce infiltration (the amount of outdoor air—and thus outdoor PM2.5—entering the indoor space). Finally, once particles are indoors, they are further reduced by deposition onto indoor surfaces and by settling, so the indoor concentration can be maintained below the outdoor level despite ongoing outdoor penetration",5,5
JC-062,Explain how GPS trajectory data can be used to classify microenvironments for personal exposure assessment.,"GPS trajectory data provides spatial and temporal information that can be mapped to land-use categories or known locations (e.g., home, workplace, transit routes). By analyzing dwell times and movement patterns, researchers can classify microenvironments such as indoors, outdoors, or commuting.","GPS trajectory data are typically cleaned and segmented into time-stamped location points, then matched to known places or movement patterns to assign each segment to a microenvironment such as home, work, school, transit, indoor commercial space, or outdoors. Once classified, the time spent in each microenvironment can be combined with pollutant concentrations or exposure models to estimate personal exposure over the day",5,5
JC-063,How do food ingestion rates provided in the EPA Exposure Factors Handbook help in dietary exposure assessments?,"Food ingestion rates serve as a basis for estimating the intake of contaminants through diet. By stratifying rates by age, gender, and body weight, the EPA enables more accurate predictions of dietary exposure. For instance, children tend to consume more food relative to their body weight, increasing their potential intake of contaminants like pesticides.","** The EPA Exposure Factors Handbook (EFH, Chapter 9, 2011) provides age- and sex-specific **food ingestion rates** (e.g., total food, fruits, vegetables, fish, meat, dairy in g/kg-day or g/day) that serve as default intake rate (IR) values in the standard dietary intake equation: \( \text{Dose} = \frac{C \times IR \times FI \times EF \times ED}{BW \times AT} \), where \(C\) is the contaminant concentration in food, \(FI\) is the fraction ingested from a contaminated source, and the other parameters adjust for frequency, duration, body weight, and averaging time. These rates enable risk assessors to calculate both **deterministic** (central tendency or upper percentile) estimates for screening-level assessments and to parameterize **probabilistic** (Monte Carlo) exposure distributions when site-specific consumption survey data (e.g., from NHANES/WWEIA) are unavailable or when a standardized, conservative default is needed for regulatory or screening purposes",5,5
JC-064,"Explain how indoor PM2.5 concentrations would respond to an increase in outdoor concentrations during a wildfire event, assuming a constant AER and no indoor sources.","Indoor concentrations would increase proportionally to outdoor levels, modified by the infiltration efficiency and removal mechanisms (AER and deposition). The time to reach steady-state depends on τ = 1/(AER + k).","With constant air exchange rate and no indoor sources, indoor PM2.5 will increase roughly in proportion to the outdoor concentration during a wildfire event, but usually remain lower than outdoors because only a fraction penetrates indoors and some particles are lost by deposition. Using the steady-state mass-balance, \(C_{in} = \frac{P \cdot AER \cdot C_{out}}{AER + k_{dep}}\), so if AER, penetration factor, and deposition stay constant, a rise in \(C_{out}\) causes a corresponding linear rise in \(C_{in}\)",4,4
JC-065,"Explain how indoor PM2.5 concentrations would respond to an increase in outdoor concentrations during a wildfire event, assuming a constant AER and no indoor sources.","Indoor concentrations would increase proportionally to outdoor levels, modified by the infiltration efficiency and removal mechanisms (AER and deposition). The time to reach steady-state depends on τ = 1/(AER + k).","** Under steady-state conditions with a constant air exchange rate (AER), no indoor sources (S = 0), and a nonzero indoor deposition rate (k_dep > 0), the indoor PM₂.₅ concentration is given by the mass balance equation:

\[
C_{in} = \frac{P \cdot \text{AER}}{\text{AER} + k_{dep}} \cdot C_{out}
\]

This is a **linear, proportional** relationship. If outdoor PM₂.₅ doubles during a wildfire (e.g., from 50 to 100 µg/m³), indoor PM₂.₅ will also double, scaled by the fixed indoor/outdoor (I/O) ratio — which is typically < 1 because deposition removes some particles indoors. The key dynamic is that the indoor concentration tracks the outdoor concentration in lockstep: the fraction of outdoor PM₂.₅ that penetrates and remains suspended indoors is constant, so the indoor response is instantaneous (steady-state assumption) and strictly proportional. There is no saturation, buffering, or lag in this simplified model; the indoor space acts as a linear attenuator of the outdoor wildfire plume",3,3
JC-066,"Discuss how differences in time-activity patterns between urban and rural populations can influence exposure to air pollutants, referencing the EPA Exposure Factors Handbook.","Urban populations may spend more time in environments with higher pollution levels (e.g., traffic-heavy areas), while rural populations may have higher exposure to agricultural chemicals. Time-activity data from the EFH can help quantify these differences.","Urban and rural populations can have different air-pollution exposures because exposure depends not just on ambient concentration, but on how much time people spend in different microenvironments. The EPA Exposure Factors Handbook (2011) emphasizes time-activity patterns such as time spent indoors, outdoors, and in vehicles; for adults, typical defaults are about 20 h/day indoors, 1.8 h/day outdoors, and 1.5 h/day in vehicles. Urban residents may have higher exposure to traffic-related pollutants because they often spend more time commuting or near roadways, while rural residents may spend more time outdoors or near agricultural burning, dust, or woodsmoke sources; differences in housing, ventilation, and indoor source use also modify how outdoor pollution translates into personal exposure",5,5
JC-067,What is the significance of air exchange rate in determining indoor concentrations of outdoor NO2?,"The air exchange rate determines how quickly outdoor air replaces indoor air, influencing the concentration of outdoor NO2 indoors. Higher air exchange rates can reduce indoor NO2 levels by diluting pollutants and facilitating their removal.","Air exchange rate is a key control on how much outdoor NO2 enters indoors and how quickly indoor air is replaced. Higher air exchange generally increases the influence of outdoor NO2 on indoor concentrations, but the actual indoor level depends on the balance between entry, removal on indoor surfaces/chemistry, and any indoor NO2 sources such as gas stoves",2,2
JC-068,"How do ventilation rates associated with different activity levels contribute to variations in inhalation exposure risk, as described in the EPA Exposure Factors Handbook?","Ventilation rates increase with activity levels because physical exertion raises breathing rates. The EPA Exposure Factors Handbook provides data on activity-specific ventilation rates, allowing for more accurate exposure estimates during activities such as exercise, when individuals inhale more air and potentially more pollutants.","In EPA Exposure Factors Handbook (EFH) framing, activity level changes inhalation exposure risk mainly by altering **ventilation (breathing) rate** and **time spent in different microenvironments** (indoors/outdoors/vehicle). Higher activity (e.g., light → moderate → heavy) increases the **inhalation rate (IR, m³/h)**, so for the same pollutant concentration in air, the inhaled dose rises because dose scales with **C × IR × ET**.

EFH also reflects that activity level often comes with different **time-activity patterns**: people may spend more time outdoors or in transit when active, and less time in a specific indoor setting. Because indoor concentrations can differ from outdoor concentrations (due to penetration and air exchange), shifting time between microenvironments can further change the effective exposure concentration. Net effect: **higher activity generally increases exposure risk** through both (1) **greater ventilation per hour** and (2) **potentially different exposure concentrations due to where time is spent",5,5
JC-069,Describe how PBPK models can be used to predict the internal dose of a chemical following dermal absorption.,"PBPK models simulate the distribution, metabolism, and elimination of a chemical by integrating absorption rates through the skin, partition coefficients, and physiological parameters. They allow predictions of systemic concentration and target organ exposure by accounting for dermal permeability and bioavailability.","PBPK models predict internal dose after dermal absorption by treating the skin as a compartment (or a multi-layer barrier consisting of stratum corneum, viable epidermis, and dermis) with distinct partition coefficients, diffusion coefficients, and blood flow parameters. The dermal uptake flux — calculated from Fick's law using the applied concentration, exposure area, and permeability coefficient — serves as an input boundary condition, delivering chemical into the skin compartment from which it distributes via blood flow to all other organs (liver, fat, richly perfused tissues, etc.) and undergoes metabolism and excretion. The model then solves simultaneous mass-balance differential equations across compartments to output the time-varying concentration of the parent compound and metabolites in blood and target tissues, directly linking the external dermal exposure to the internal dose",5,5
JC-070,How does the Global Burden of Disease (GBD) framework incorporate the concept of susceptible populations in its health impact assessments?,"The GBD framework incorporates susceptible populations by adjusting exposure-response relationships and baseline health data to account for groups like children, the elderly, and individuals with pre-existing conditions. These populations are more vulnerable to environmental hazards, which is reflected in higher relative risks or attributable fractions.","The GBD framework incorporates susceptible populations mainly indirectly: it stratifies health impact estimates by age, sex, location, cause, and baseline disease rates, and uses endpoint-specific exposure–response functions that reflect differing vulnerability across populations. It does not usually model individual susceptibility factors explicitly; instead, susceptibility is embedded through subgroup-specific risks, demographic structure, and underlying disease burden, with some vulnerable groups such as children or older adults captured through cause-specific analyses",5,5
JC-071,How does the EPA Exposure Factors Handbook incorporate gender-specific differences in body weight into exposure assessments?,The EFH provides gender-specific body weight data to account for biological differences in weight distribution between males and females. This differentiation improves the precision of dose calculations in exposure modeling.,"The EPA Exposure Factors Handbook provides sex-specific body weight distributions and central tendency values, which assessors can plug into dose equations when exposure is normalized by body weight, such as mg/kg-day. In practice, this means male and female body weights can be used to generate sex-specific exposure estimates, while combined-population values may be used when a single default is appropriate; lower body weight generally yields a higher dose for the same intake",5,5
JC-072,How does particle size influence inhalation dose calculations in the ICRP respiratory tract model?,"Particle size affects deposition efficiency and location within the respiratory tract. Smaller particles (<0.1 μm) deposit in the alveolar region via diffusion, while larger particles (>1 μm) are captured in the upper airways by impaction and sedimentation, altering cumulative dose calculations.","In the ICRP respiratory tract model, particle size strongly affects where particles deposit and therefore the inhalation dose. Larger particles tend to deposit in the head and conducting airways, while fine and ultrafine particles penetrate deeper into the bronchiolar and alveolar regions, changing the regional deposited dose even if the inhaled concentration is the same",4,4
JC-073,How do PBPK models utilize biomarker data to predict internal doses?,"PBPK models integrate biomarker data, such as blood concentrations, to calibrate and validate predictions of the absorption, distribution, metabolism, and excretion of chemicals. Biomarker data help refine model parameters to improve accuracy in estimating internal doses.","PBPK (physiologically based pharmacokinetic) models use biomarker data by treating measured biomarkers (typically concentrations in blood/plasma/urine, or amounts of metabolite) as *observations* generated by the model’s internal compartments. The model simulates how an external exposure leads to time-varying amounts/concentrations in organs and blood (via physiological flows, partitioning, metabolism, and excretion). A “measurement model” then maps the simulated state variables to the biomarker that was actually sampled (e.g., plasma concentration of the parent compound, metabolite in urine, or a biomarker proportional to a metabolite pool), accounting for sampling timing, binding, and assay characteristics.  

In practice, biomarker data are used to *calibrate* or *constrain* uncertain parameters (e.g., absorption rate, tissue partition coefficients, clearance/metabolic rates, enzyme activity, or inter-individual variability). This is done by fitting the PBPK model so that its predicted biomarker time courses (and/or cumulative excreted amounts) match the observed data using likelihood-based or Bayesian inference. Once calibrated, the model can predict internal dose metrics that are not directly measurable—such as target-tissue concentrations, area-under-the-curve (AUC), time above a threshold, delivered dose to specific organs, and dose to relevant cellular compartments—thereby translating biomarker measurements into estimates of internal exposure at the site of action",5,5
JC-074,What is the significance of the counterfactual or baseline exposure level in health impact assessments?,"The counterfactual exposure level represents the hypothetical level of exposure (e.g., the WHO air quality guideline) at which no or minimal health impacts are expected. It is significant because it serves as a reference point for estimating the additional health burden attributable to current exposure levels.","** The counterfactual (or baseline) exposure level defines the reference exposure against which health impacts are measured. In a health impact assessment, attributable cases are calculated as the difference between the observed exposure distribution and the counterfactual distribution. Choosing a different counterfactual — for example, zero exposure, the WHO Air Quality Guideline (e.g., 5 µg/m³ annual for PM₂.₅), or the theoretical minimum risk exposure level (TMREL ~2.4–5.9 µg/m³ used in GBD) — directly changes the magnitude of estimated attributable burden, so it is the single most influential normative assumption in any HIA",5,5
JC-075,"Estimate the number of attributable deaths in a city with a population of 1,000,000, a baseline mortality rate for IHD of 150 deaths per 100,000 per year, and a PAF of 0.125 due to PM2.5 exposure.","Attributable deaths = baseline rate × population × PAF = (150/100,000) × 1,000,000 × 0.125 = 187.5 deaths/year.",187.5 deaths/year,5,5
JC-076,"Explain how the ICRP respiratory tract model and MPPD model differ in estimating regional deposition fractions for inhaled particles, particularly in the alveolar and tracheobronchial regions.","The ICRP respiratory tract model uses empirical data and physiological parameters to estimate deposition fractions across respiratory regions, focusing on particle size, breathing patterns, and regional geometry. The MPPD model, in contrast, employs computational fluid dynamics and multiple-path algorithms to simulate more individualized deposition patterns, accounting for variations in airway morphology and flow dynamics. While the ICRP model provides standardized estimates, the MPPD model allows for greater flexibility in predicting deposition under different conditions, such as age or activity level.","ICRP (ICRP Publication 66) and MPPD (Multiple-Path Particle Dosimetry) are closely related respiratory-tract deposition frameworks, but they differ in implementation details and how they parameterize airflow, particle transport, and regional deposition. In practice, both produce regional deposition fractions (e.g., head, tracheobronchial (TB), and alveolar), yet the way they handle breathing pattern and airway geometry can shift the predicted fraction deposited in the alveolar vs TB regions.

**Key differences affecting alveolar vs tracheobronchial deposition fractions**

1. **Model “architecture” and airway representation**
   - **ICRP 66**: A compartmental/empirical deposition model built around standard respiratory tract regions and deposition mechanisms (inertial impaction, sedimentation, diffusion), using parameterizations tied to region-specific airflow and residence times.
   - **MPPD**: Uses a more explicit *multiple-path* representation of the conducting airways (branching paths) and then aggregates deposition across paths to get regional totals. This can change how residence time and local flow conditions are distributed, which matters most for **TB** deposition (impaction and sedimentation in the conducting airways) and for the **transition to alveolar** deposition (where sedimentation dominates for larger particles).

2. **Breathing pattern and flow assumptions**
   - **ICRP 66**: Typically uses standardized breathing conditions to define airflow rates and residence times for each region.
   - **MPPD**: More directly incorporates breathing parameters (e.g., resting vs light vs heavy) into the path-specific transport and deposition calculations. Because **TB deposition** is sensitive to airflow-driven impaction (especially for larger particles), and **alveolar deposition** is sensitive to sedimentation during longer residence in the peripheral lung, different breathing inputs can shift the relative alveolar vs TB fractions.

3. **Mechanism weighting across regions**
   - **Tracheobronchial (TB)** deposition is often dominated by:
     - **Inertial impaction** (more important at higher flow rates and for larger aerodynamic diameters)
     - **Sedimentation** (in the conducting airways, depending on particle size and residence time)
   - **Alveolar** deposition is often dominated by:
     - **Sedimentation** (for intermediate-to-larger particles)
     - **Diffusion** (for ultrafine particles)
   - Differences in how each model computes **local res",4,5
JC-077,How can GPS trajectory data be used to estimate an individual's exposure to air pollutants during their daily commute?,"GPS trajectory data provides spatial and temporal information that allows identification of the microenvironments visited during a commute, such as transit, outdoor, or indoor spaces. By combining GPS data with pollutant concentration measurements from monitoring stations or models, exposure levels for each microenvironment can be calculated. Time spent in each environment can then be used to determine a time-weighted average exposure.","GPS trajectory data can be used by (1) converting time-stamped GPS points into a sequence of locations and microenvironments (e.g., home, indoor/outdoor, inside vehicle, roadside/near-road) and estimating the duration spent in each segment, then (2) assigning pollutant concentrations to each segment using nearby monitoring stations and/or an air-quality model (optionally adjusted for indoor penetration or vehicle filtration). Personal exposure is then estimated by time-integration of concentration along the commute (e.g., summing \(C_i \times t_i\) across segments), and—if desired—multiplying by inhalation rate and applying penetration/deposition factors to convert to dose (mass inhaled) for specific pollutants",5,5
JC-078,"Given outdoor PM2.5 of 50 µg/m³, AER=0.8/h, P=0.9, k=0.2/h, indoor source S=400 µg/h, room V=60 m³, calculate the steady-state indoor PM2.5 concentration.",C_in = (0.9*0.8*50 + 400/60)/(0.8+0.2) = (36 + 6.67)/1.0 = 42.67 µg/m³,54.0 µg/m³,1,1
JC-079,"Explain how the ICRP respiratory tract model and MPPD model differ in estimating regional deposition fractions for inhaled particles, particularly in the alveolar and tracheobronchial regions.","The ICRP respiratory tract model uses empirical data and physiological parameters to estimate deposition fractions across respiratory regions, focusing on particle size, breathing patterns, and regional geometry. The MPPD model, in contrast, employs computational fluid dynamics and multiple-path algorithms to simulate more individualized deposition patterns, accounting for variations in airway morphology and flow dynamics. While the ICRP model provides standardized estimates, the MPPD model allows for greater flexibility in predicting deposition under different conditions, such as age or activity level.","** The ICRP-66 (International Commission on Radiological Protection) model and the MPPD (Multiple-Path Particle Dosimetry) model differ fundamentally in their anatomical representation of the lung. ICRP-66 is a *symmetric, single-path* model based on Weibel's morphometry (A-type), meaning it treats all lung airways as a single, symmetrically branching tree. MPPD, by contrast, uses an *asymmetric, multi-path* structure based on Yeh/Schum morphometry for humans (and species-specific data for rats, mice, etc.), capturing the stochastic variability of airway lengths, diameters, and branching angles across different lung paths. This asymmetry matters most for **alveolar deposition**: MPPD typically predicts slightly lower total alveolar deposition for fine particles (0.1–1 µm) than ICRP-66 because asymmetric branching allows some paths to receive less ventilated flow, shifting deposition toward the tracheobronchial (TB) region. For the **tracheobronchial region**, ICRP-66 tends to predict higher deposition of ultrafine particles (<0.1 µm) due to its simpler diffusive uptake geometry, while MPPD's asymmetric tree allows more heterogeneous deposition with some bifurcations receiving disproportionately high particle doses (hot spots). Additionally, MPPD explicitly models particle clearance via mucociliary transport and can account for lobar-specific deposition, whereas ICRP-66 uses a lumped compartmental clearance approach. Both models agree on the overall U-shaped deposition curve (peak at ~0.3 µm and >5 µm), but MPPD is now considered more physiologically realistic for health risk assessment because it captures the *distribution* of dose across lung regions, not just the average — which is critical for understanding localized toxicological effects",3,3
JC-080,"Determine the multi-route hazard quotient (HQ) for an adult exposed to lead via inhalation (5 µg/m³) and ingestion (10 µg/day). Assume inhalation rate of 15.7 m³/day, ingestion rate of 1053 mL/day, body weight of 80 kg, and RfD of 4 × 10⁻⁴ mg/kg/day.",HQ_inhalation = (C_inhalation × IR) / (RfD × BW); HQ_ingestion = (C_ingestion × IR_ingestion) / (RfD × BW); Total HQ = HQ_inhalation + HQ_ingestion = (5 × 15.7 / (4 × 10⁻⁴ × 80)) + (10 × 10⁻³ × 1.053 / (4 × 10⁻⁴ × 80)) = 0.49 + 0.33 = 0.82.,2.77,1,1
JC-081,Why is particle size a critical factor in inhalation dose calculations?,"Particle size determines the likelihood of deposition in different regions of the respiratory tract, with larger particles more likely to deposit in the upper airways and smaller particles reaching deeper regions like the alveoli. This affects the dose delivered to specific respiratory regions.","Particle size is critical because it governs where in the respiratory tract particles deposit via the three dominant mechanisms: inertial impaction (large particles, >5 µm, deposit in the head/upper airways), gravitational sedimentation (1–5 µm, deposit in the tracheobronchial and alveolar regions), and Brownian diffusion (<0.1 µm, deposit deep in the alveoli). Since clearance rates, absorption, and toxic response differ dramatically between the extrathoracic, bronchial, and alveolar regions, the particle size distribution determines both the magnitude and the anatomical site of the effective dose reaching target tissues — making it arguably the single most important parameter in inhalation dose assessment",5,5
JC-082,What biases might arise when comparing personal monitoring data to area monitoring data?,"Biases include spatial mismatch, differential time spent near sources, and variability in microenvironment concentrations. Personal monitoring may overestimate individual exposure compared to area averages.","Personal monitoring and area monitoring can differ systematically because they don’t measure the same “exposure” construct. Key biases include:

- **Spatial mismatch (neighborhood/indoor/outdoor gradients):** Area monitors represent a fixed location, while personal exposure reflects where the person actually spends time (street canyon vs. background, near sources vs. not).
- **Temporal mismatch (timing and variability):** Personal monitors capture the individual’s time-varying exposure (commuting, errands, cooking, traffic peaks), whereas area monitors may miss short spikes or average differently over time.
- **Microenvironment differences:** Personal exposure is strongly influenced by **indoor sources and conditions** (infiltration, ventilation, filtration, cooking/cleaning, smoking, dampness) that may not be reflected by an outdoor area monitor.
- **Activity pattern bias:** Differences in **work/school routines, commuting mode, and time-activity patterns** can make personal data higher/lower than area data even if ambient levels are similar.
- **Penetration and indoor attenuation:** For pollutants that infiltrate indoors (e.g., PM, NO₂, O₃), personal exposure depends on penetration and indoor loss processes; area monitors may overestimate or underestimate depending on building characteristics.
- **Exposure misclassification from using ambient as a proxy:** If one compares personal to area data without accounting for **personal-to-ambient ratios**, the comparison can be biased (often toward attenuation of associations, or systematic over/underestimation).
- **Source-related bias:** Personal monitors can be dominated by **near-field or personal sources** (e.g., workplace emissions, vehicle exposure, resuspension, household products) that area monitors don’t capture.
- **Selection/behavior bias:** People who choose certain routes/activities (or who are more/less sensitive) may systematically differ, affecting the representativeness of the personal sample relative to the area monitor’s population.

Overall, these issues can produce **systematic (directional) bias** in mean differences and **non-comparable variability**, and they can distort any inferred relationship between personal and area measurements",5,5
JC-083,Explain how cooking emissions contribute to indoor PM2.5 levels and affect the I/O ratio in residential settings.,"Cooking emissions, especially from frying or using gas stoves, release fine particles and ultrafine PM2.5 into the indoor environment. These emissions increase indoor concentrations, sometimes surpassing outdoor levels, thus elevating the I/O ratio when cooking activities are frequent.","Cooking emissions raise indoor PM2.5 because they act as an **indoor source term**: when food is heated (especially frying/boiling with inadequate exhaust), combustion and thermal degradation produce fine particles and condensable organics that enter the room air. In a simple indoor mass-balance, indoor concentration can be thought of as the sum of (i) **outdoor-origin PM2.5 that penetrates indoors** and (ii) **indoor-origin PM2.5 from cooking**, which is then reduced by **ventilation (air exchange)** and **removal processes** like **gravitational settling and surface deposition**. During cooking, the source term can dominate, so indoor PM2.5 can spike well above what would be expected from outdoor levels alone.

Cooking also affects the **I/O ratio (indoor/outdoor, C_in/C_out)**. With cooking, **C_in increases due to the indoor source**, while **C_out stays roughly unchanged**, so the I/O ratio typically **rises above 1** and can become very large during active cooking. The magnitude and duration depend on:
- **Ventilation/air exchange rate (AER):** higher AER (or effective exhaust) dilutes and removes cooking PM faster, limiting the I/O increase.
- **Range hood use and capture efficiency:** strong capture vents particles outdoors and reduces how much reaches the breathing zone, lowering both C_in and the I/O ratio.
- **Cooking type and combustion completeness:** frying, grilling, and high-heat flaming generally emit more PM2.5 than simmering/boiling; incomplete combustion increases soot and fine particle formation.
- **Particle size and condensable fraction:** cooking produces both directly emitted particles and **secondary/condensable aerosols** that can grow into PM2.5, increasing C_in even if initial emissions are larger.
- **Deposition and mixing:** in real homes, imperfect mixing and deposition to surfaces can shorten the time PM persists, but during cooking the net effect is usually still a higher I/O ratio.

In short: cooking adds an indoor PM2.5 source that boosts indoor concentrations relative to outdoor, so the I/O ratio increases during cooking—unless strong local exhaust/ventilation effectively removes the emissions",5,5
JC-084,Describe how PBPK models can be used to predict the internal dose of a chemical following dermal absorption.,"PBPK models simulate the distribution, metabolism, and elimination of a chemical by integrating absorption rates through the skin, partition coefficients, and physiological parameters. They allow predictions of systemic concentration and target organ exposure by accounting for dermal permeability and bioavailability.","PBPK models represent the body as linked compartments and use chemical-specific parameters to simulate how a substance moves from skin into blood and then throughout the body. For dermal exposure, they typically estimate skin penetration, absorption rate, and distribution to organs, allowing prediction of internal dose metrics such as blood concentration, tissue concentration, or delivered dose over time",5,5
JC-085,"Calculate the total inhaled dose for an adult male who spends 8 hours sleeping (0.45 m³/h), 8 hours sedentary (0.54 m³/h), and 8 hours performing light activity (1.5 m³/h) in an environment with a constant concentration of 25 µg/m³.",Dose = Σ(Ci × IRi × ti). Dose = 25 µg/m³ × (0.45 m³/h × 8 h + 0.54 m³/h × 8 h + 1.5 m³/h × 8 h) = 25 × (3.6 + 4.32 + 12) = 25 × 19.92 = 498 µg.,"498 µg (0.498 mg)**

*Calculation:*  
- **Sleep:** 25 µg/m³ × 0.45 m³/h × 8 h = **90 µg**  
- **Sedentary:** 25 µg/m³ × 0.54 m³/h × 8 h = **108 µg**  
- **Light activity:** 25 µg/m³ × 1.5 m³/h × 8 h = **300 µg**  
- **Total inhaled dose** = 90 + 108 + 300 = **498 µg** (≈ 0.5 mg)",5,5
JC-086,"Explain how indoor PM2.5 concentrations would respond to an increase in outdoor concentrations during a wildfire event, assuming a constant AER and no indoor sources.","Indoor concentrations would increase proportionally to outdoor levels, modified by the infiltration efficiency and removal mechanisms (AER and deposition). The time to reach steady-state depends on τ = 1/(AER + k).","Indoor PM2.5 would increase proportionally with outdoor PM2.5 during a wildfire event if (1) air exchange rate (AER) is constant and (2) there are no indoor sources (and no additional indoor loss terms beyond what’s already implicit in the mass balance).  

Under steady-state indoor air mass balance with no indoor sources, the indoor concentration is \(C_{in} = P \, C_{out}\) (or \(C_{in}=C_{out}\) if penetration \(P\approx 1\)). Therefore, if \(C_{out}\) rises by a factor \(f\), then \(C_{in}\) rises by the same factor \(f\) (i.e., the indoor/outdoor ratio stays constant)",3,3
JC-087,"Determine the hazard quotient (HQ) for a child ingesting arsenic-contaminated water at a concentration of 15 µg/L. Assume daily water intake of 378 mL/day, body weight of 18.6 kg, and a reference dose (RfD) of 3 × 10⁻⁴ mg/kg/day.",HQ = (C × IR × EF) / (RfD × BW) = (15 × 10⁻³ × 0.378 × 1) / (3 × 10⁻⁴ × 18.6) = 0.105.,1.02,1,1
JC-088,How does particle size influence inhalation dose calculations in the ICRP respiratory tract model?,"Particle size affects deposition efficiency and location within the respiratory tract. Smaller particles (<0.1 μm) deposit in the alveolar region via diffusion, while larger particles (>1 μm) are captured in the upper airways by impaction and sedimentation, altering cumulative dose calculations.","** Particle size is the dominant determinant of where and how much inhaled particulate matter deposits in the respiratory tract, which directly governs inhalation dose. In the ICRP-66 model, three deposition mechanisms operate across different size regimes: (1) **Diffusion** dominates for ultrafine particles (<0.1 µm), causing high deposition fractions in the alveolar and tracheobronchial regions; (2) **Impaction and sedimentation** drive increasing deposition in the extrathoracic (head) and tracheobronchial regions as particle size increases above ~1 µm; and (3) a **deposition minimum** occurs in the 0.1–1 µm accumulation-mode range where all mechanisms are least efficient, meaning these particles penetrate deeply into the lungs but deposit with the lowest fractional efficiency. Because the inhalation dose equation (Dose = C × IR × t × DF ÷ BW) multiplies the deposition fraction (DF) directly into the dose, two aerosols with identical mass concentrations but different size distributions can yield very different lung doses — coarse PM deposits mostly in the head (contributing little to alveolar dose), while ultrafine PM delivers a large fraction of its mass to the gas-exchange region where it is retained longer and has greater toxicological impact",5,5
JC-089,Discuss how BenMAP software quantifies health impacts of air pollution exposure and the role of concentration-response functions in this process.,"BenMAP estimates health impacts by combining air pollution concentration data, population demographics, baseline health incidence rates, and concentration-response functions derived from epidemiological studies. These functions link pollutant levels to specific health outcomes.","BenMAP estimates air-pollution health impacts by combining spatial air quality changes with population data, baseline disease rates, and health impact functions to calculate attributable cases such as deaths, hospitalizations, or asthma events across locations. The concentration-response (C-R) functions are the core epidemiologic link: they translate a change in pollutant concentration into a proportional change in health risk, allowing BenMAP to estimate avoided or excess cases under different air quality scenarios. Results depend strongly on the selected C-R function, its uncertainty, and assumptions about exposure, thresholds, and population susceptibility",5,5
JC-090,Evaluate the trade-offs between self-reported time-activity diaries and wearable sensors for exposure assessment in epidemiological studies.,"Self-reports provide context and activity detail but are prone to recall bias. Wearable sensors offer objective data but may have accuracy, calibration, and participant compliance issues.","Self-reported time-activity diaries and wearable sensors both have strengths and weaknesses; the “best” choice depends on the exposure metric (e.g., air pollutant vs. noise vs. heat), study population, and required temporal resolution. Below are key trade-offs commonly observed in epidemiological exposure assessment.

**1) Measurement validity (accuracy of time spent in microenvironments)**
- **Diaries (self-report):** Often capture *what participants think they did* rather than *what they actually did*. Recall errors and rounding (e.g., “about 30 minutes”) can distort time in key microenvironments (home, work, commuting).
- **Wearables:** Typically improve *temporal resolution* and can better detect transitions (e.g., leaving home, commuting). However, they may misclassify *location type* unless paired with strong algorithms (GPS + map matching, Wi-Fi, cell tower triangulation) and ground-truthing.

**2) Bias patterns**
- **Diaries:**
  - **Differential bias risk:** If participants with symptoms (or those in certain exposure groups) report differently, bias can be differential.
  - **Systematic under/over-reporting:** People may underreport time in “non-routine” settings (errands, short trips) and overreport routine periods.
- **Wearables:**
  - **Algorithmic bias:** Misclassification can be systematic (e.g., GPS drift in dense urban areas; indoor GPS attenuation; poor performance for certain mobility patterns).
  - **Missingness bias:** If devices fail more often in specific groups (older adults, lower adherence, lower tech comfort), bias can be differential.

**3) Temporal resolution and exposure linkage**
- **Diaries:** Usually coarse (daily blocks, categories like “morning/afternoon/evening”), which can be limiting for pollutants with strong short-term variability (e.g., traffic-related spikes, wildfire smoke events).
- **Wearables:** Can support minute-by-minute or finer exposure modeling, improving alignment with high-resolution concentration data (monitors, modeled grids, traffic emissions).

**4) Burden and adherence**
- **Diaries:**
  - Lower hardware burden but higher cognitive burden; compliance can drop over time.
  - Participants may “simplify” entries, reducing detail.
- **Wearables:**
  - Lower cognitive burden once set up, but require charging, wearing correctly, and troubleshooting.
  - Adherence issues (non-wear time, device removal during bathing/sleep, discomfort) are common and must be handled analytically.

**5) Cost and logistics**
",5,5
JC-091,Discuss how BenMAP software quantifies health impacts of air pollution exposure and the role of concentration-response functions in this process.,"BenMAP estimates health impacts by combining air pollution concentration data, population demographics, baseline health incidence rates, and concentration-response functions derived from epidemiological studies. These functions link pollutant levels to specific health outcomes.","BenMAP quantifies health impacts by combining (1) air pollution exposure estimates (e.g., modeled ambient concentrations or gridded concentration fields, optionally adjusted for population microenvironments), (2) population data (age/sex/other strata), and (3) health impact models that translate exposure into outcomes. In practice, BenMAP computes how many people are exposed at different concentration levels, estimates the change in exposure between scenarios (e.g., baseline vs. control), and then applies health-effect functions to convert that exposure change into changes in risk and attributable cases (or deaths), aggregating across locations and demographic strata.

The concentration–response (C–R) functions are the core mechanism that links pollution concentration to health outcomes. BenMAP uses C–R relationships (typically expressed as relative risks, RR, as a function of pollutant concentration above a specified threshold or using a specified functional form) to convert the modeled concentration change into an attributable fraction or risk change. Conceptually:
- BenMAP computes the exposure difference (ΔC) for each grid/cell and stratum.
- The C–R function maps C (or ΔC) to an RR for each health endpoint.
- BenMAP converts RR to an attributable fraction (AF) (commonly AF = (RR−1)/RR, with variants depending on whether a prevalence-based PAF is used).
- It then multiplies AF by baseline incidence (or mortality rates) and the exposed population to estimate attributable cases/deaths, summing across endpoints, strata, and geography.

Thus, the C–R function determines the magnitude and shape of the health response to concentration changes (including assumptions about linearity vs. nonlinearity, thresholds/tmrel, and lag structures if used), while BenMAP’s exposure and demographic inputs determine how much of the population experiences those concentration levels and how the impacts are distributed spatially and across groups",5,5
JC-092,What are the challenges in applying age-specific parameters in lifetime average daily dose (LADD) calculations?,"Age-specific parameters account for differences in inhalation rate, body weight, and activity patterns across life stages. Challenges include obtaining accurate data, integrating variable exposure scenarios, and ensuring consistency in averaging time. These factors introduce complexity in lifetime dose estimation.","Applying age-specific parameters in LADD calculations is challenging because exposure factors (inhalation rate, body weight, soil/dust ingestion, time-activity patterns, and penetration/indoor–outdoor behavior) change substantially with age, and those changes must be stitched together across multiple life stages. It’s also difficult to obtain age-resolved exposure data (or to justify using defaults), and to handle transitions (e.g., weaning, school/work start, moving residences) where time-activity and physiology shift abruptly rather than smoothly. Finally, age-specific physiology (e.g., breathing rate and dosimetry assumptions) and parameter uncertainty can compound across stages, making the lifetime average sensitive to how each age bracket is defined and weighted",4,5
JC-093,Explain why the EPA Exposure Factors Handbook provides separate drinking water intake rates for different age groups.,"Drinking water intake rates vary significantly with age due to differences in body size, metabolic needs, and activity levels. Providing age-specific rates improves the accuracy of exposure assessments for sensitive populations, such as children and the elderly.","The EPA Exposure Factors Handbook gives separate drinking water intake rates by age because water consumption is not the same across life stages. Infants, children, and adults differ in body size, metabolism, diet (for example, formula-fed infants), activity, and time spent in different settings, so both total intake and intake per kilogram body weight change with age. Using age-specific rates makes exposure and risk assessments more realistic and better protects more highly exposed groups such as young children",5,5
JC-094,Explain why indoor PM2.5 concentrations are often lower than outdoor concentrations in buildings with effective HVAC filtration systems.,"Indoor PM2.5 concentrations are typically lower than outdoor levels in buildings with effective HVAC systems because filtration mechanisms remove a significant portion of particulate matter from the incoming air. Additionally, indoor sources of PM2.5 may be limited, and the air exchange rate helps dilute indoor pollutants with cleaner outdoor air.","Indoor PM2.5 is often lower than outdoor PM2.5 because effective HVAC systems remove particles from incoming and recirculated air before they remain suspended indoors. In addition, not all outdoor particles penetrate the building envelope, and some that do enter are lost to deposition on indoor surfaces, so with good filtration and controlled air exchange, the indoor/outdoor ratio stays below 1 unless there are strong indoor sources",5,5
JC-095,What does the relative risk (RR) of 1.3 for cardiovascular mortality per 10 µg/m³ increase in PM2.5 imply about the relationship between exposure and health outcomes?,"A relative risk (RR) of 1.3 implies that for every 10 µg/m³ increase in PM2.5 exposure, the risk of cardiovascular mortality increases by 30% compared to the baseline risk without this level of exposure.","A relative risk (RR) of 1.3 per 10 µg/m³ increase in PM₂.₅ implies that for every 10 µg/m³ increase in long-term ambient PM₂.₅ concentration, the risk of cardiovascular mortality is 1.3 times (i.e., 30% higher) than it would be at the baseline exposure level. This indicates a positive, dose-response relationship where higher PM₂.₅ exposure is associated with increased cardiovascular mortality risk — a finding that supports a causal link between fine particulate matter air pollution and cardiovascular harm. The attributable fraction can be derived as (RR − 1)/RR = 0.3/1.3 ≈ 23%, meaning about 23% of cardiovascular deaths among the exposed population are attributable to that incremental PM₂.₅ exposure",5,5
JC-096,"Determine the hazard quotient (HQ) for a child ingesting arsenic-contaminated water at a concentration of 15 µg/L. Assume daily water intake of 378 mL/day, body weight of 18.6 kg, and a reference dose (RfD) of 3 × 10⁻⁴ mg/kg/day.",HQ = (C × IR × EF) / (RfD × BW) = (15 × 10⁻³ × 0.378 × 1) / (3 × 10⁻⁴ × 18.6) = 0.105.,1.02,1,1
JC-097,Explain how GPS trajectory data can be used to classify microenvironments for personal exposure assessment.,"GPS trajectory data provides spatial and temporal information that can be mapped to land-use categories or known locations (e.g., home, workplace, transit routes). By analyzing dwell times and movement patterns, researchers can classify microenvironments such as indoors, outdoors, or commuting.","GPS trajectory data can be used to classify microenvironments by (1) preprocessing the raw GPS track (cleaning, interpolating, and smoothing), (2) *map-matching* points to a road/building network and geofences (e.g., home/work polygons, transit corridors, parks), and (3) segmenting the timeline into intervals where the person is likely in a given setting (e.g., “indoors at home,” “outdoors walking,” “vehicle/transit,” “at work”).  

In practice, you define microenvironment categories using spatial rules (geofences for buildings/land-use types, proximity to roads for “in-vehicle/on-road,” distance from home/work for “outdoors”), then label each GPS point or time window accordingly. Because GPS is noisy and indoor signals are weak, you typically apply assumptions such as: dwelling at a location when speed is low and the person remains within a small radius for a minimum duration; transit when speed is moderate/high and the route follows roads; and outdoors when the track is not inside indoor geofences. After labeling, you compute time spent in each microenvironment and feed those durations into personal exposure models (e.g., time-weighted averaging of microenvironment-specific concentrations, indoor/outdoor penetration factors for indoor settings, and activity-dependent inhalation rates for outdoors/transit)",5,5
JC-098,Why is body weight stratified by age in the EPA Exposure Factors Handbook?,"Body weight is stratified by age in the EPA Exposure Factors Handbook to account for physiological differences that influence exposure, such as metabolic rates and body composition changes during growth and development.","Body weight is stratified by age because body size changes substantially across life stages, and many exposure and dose calculations are normalized to body mass. Using age-specific body weights helps EPA estimate dose more accurately, especially for children, who often have higher intake per kilogram and different vulnerability than adults",4,5
JC-099,Explain the role of time-activity diaries in validating GPS-based microenvironment classifications for exposure assessment.,"Time-activity diaries provide self-reported data on an individual's location and activities, which can be compared with GPS-derived classifications to verify accuracy. They help identify errors or gaps in GPS data, such as misclassified locations or missing time periods.","Time-activity diaries provide ground-truth context for GPS-based microenvironment classification by recording where people were, what they were doing, and whether they were indoors, outdoors, or in transit when GPS alone may be ambiguous. They are used to validate and calibrate GPS algorithms, quantify misclassification, and improve exposure estimates, though diaries themselves can contain recall and reporting errors",5,5
JC-100,What is the role of penetration factor in determining indoor concentrations of outdoor air pollutants?,"The penetration factor quantifies the proportion of outdoor air pollutants that enter the indoor environment through openings such as windows, doors, and cracks. It depends on pollutant properties, building characteristics, and environmental factors, influencing indoor air quality directly.","Penetration factor (P) represents the fraction of an outdoor pollutant that successfully enters indoor air through building leakage/ventilation (i.e., it accounts for filtration, infiltration pathways, and building envelope effects). In the indoor mass-balance framework, it directly scales the outdoor contribution to indoor concentration: when there are no indoor sources or sinks, \(C_{in} \approx P \cdot C_{out}\). Thus, lower P (more effective barriers/filtration) reduces indoor levels relative to outdoor air, while higher P increases them",5,5
JC-101,How does the EPA Exposure Factors Handbook utilize ventilation rates in exposure modeling?,"Ventilation rates are used in exposure modeling to estimate inhalation exposure to airborne pollutants during various activity levels, such as rest, light activity, and heavy exercise. Higher activity levels result in increased ventilation rates and, consequently, higher exposure.","The EPA Exposure Factors Handbook mainly uses ventilation rates as human inhalation rates—defaults for air breathed per unit time or per day, stratified by age, sex, and activity level—to estimate inhaled dose in exposure models. These rates are combined with contaminant concentration and exposure duration (and often body weight) in equations such as intake = concentration × inhalation rate × time; it generally does not provide building air-exchange/room ventilation parameters, which come from other indoor air modeling sources",5,5
JC-102,"Calculate the total inhaled dose for an adult male who spends 8 hours sleeping (0.45 m³/h), 8 hours sedentary (0.54 m³/h), and 8 hours performing light activity (1.5 m³/h) in an environment with a constant concentration of 25 µg/m³.",Dose = Σ(Ci × IRi × ti). Dose = 25 µg/m³ × (0.45 m³/h × 8 h + 0.54 m³/h × 8 h + 1.5 m³/h × 8 h) = 25 × (3.6 + 4.32 + 12) = 25 × 19.92 = 498 µg.,25 µg/m³ × [(0.45 m³/h)(8 h) + (0.54 m³/h)(8 h) + (1.5 m³/h)(8 h)] = 25 × (3.6 + 4.32 + 12) µg = **510 µg,5,4
JC-103,What methodological approaches can be used to address exposure measurement error in air pollution epidemiology?,Approaches include: (1) using personal monitoring devices to improve individual-level exposure assessment; (2) applying spatiotemporal models to refine ambient exposure estimates; (3) leveraging biomarkers to validate exposure; and (4) sensitivity analyses to quantify the impact of misclassification.,"** Exposure measurement error in air pollution epidemiology is typically addressed through a combination of study design and statistical correction approaches. **Study design approaches** include: (1) **spatial monitoring networks** with dense deployment or mobile monitoring to reduce interpolation error; (2) **personal exposure monitoring** in a validation subsample to characterize the error structure; (3) **spatiotemporal models** (e.g., land-use regression, satellite-based models, hybrid machine learning) that incorporate geographic predictors and temporal variability to reduce exposure misclassification; and (4) **within-subject/cohort designs** that leverage repeated measurements or time-series designs to reduce time-invariant confounding and some forms of error. **Statistical correction approaches** include: (1) **regression calibration** (RC), where exposure is regressed against a gold-standard measurement in a validation study and predicted values replace error-prone ones; (2) **simulation extrapolation (SIMEX)**, which simulates increasing levels of measurement error and extrapolates back to the error-free estimate; (3) **Bayesian hierarchical models** that treat true exposure as a latent variable and jointly model the exposure and outcome processes; (4) **multiple imputation** of true exposure given observed surrogates and covariates; (5) **instrumental variable methods** (e.g., using wind direction or distance to monitor) that isolate exogenous variation in exposure; and (6) **two-stage meta-regression** approaches that pool effect estimates across studies while adjusting for differences in exposure error magnitude. The choice among these depends on whether the error is classical (attenuates toward the null) or Berkson (may not bias but inflates variance), whether it is spatially correlated, and the availability of a validation sample",4,5
JC-104,How do PBPK models utilize biomarker data to predict internal doses?,"PBPK models integrate biomarker data, such as blood concentrations, to calibrate and validate predictions of the absorption, distribution, metabolism, and excretion of chemicals. Biomarker data help refine model parameters to improve accuracy in estimating internal doses.","Physiologically based pharmacokinetic (PBPK) models use biomarker data (e.g., cotinine in blood, metabolites in urine, or exhaled breath concentrations) in several key ways. **First, for model calibration and parameter optimization** — measured biomarker time-series (e.g., blood concentration vs. time) are compared to PBPK-predicted curves using maximum likelihood or Bayesian methods (e.g., Markov chain Monte Carlo) to estimate subject-specific parameters like metabolic clearance (e.g., CYP2E1 activity for benzene) or partition coefficients. **Second, for reverse dosimetry (forward-backward bridging)** — if a steady-state or spot biomarker concentration is measured, the PBPK model is inverted to reconstruct the external exposure concentration or intake dose that would produce that internal dose metric; this is how biomarker surveys (e.g., NHANES blood cotinine) are translated into estimates of secondhand smoke exposure. **Third, for route-to-route extrapolation and uncertainty reduction** — biomarker data constrain the inter-individual variability (e.g., age, sex, genetics) in the model's compartments, allowing the PBPK framework to predict tissue doses at the target site (e.g., bone marrow for benzene or lung epithelium for formaldehyde) from easily measured peripheral biomarkers, and to propagate that uncertainty through a population distribution",5,5
JC-105,What is the mean skin surface area for individuals aged birth to 1 year?,0.3,"The mean skin surface area for individuals aged birth to 1 year is **0.3 m²**, as reported in EPA Exposure Factors Handbook (2011) Table 7-1",5,5
JC-106,Why are pregnant women considered a susceptible population group in air pollution health impact assessments?,"Pregnant women are considered susceptible because air pollution exposure can harm fetal development, leading to outcomes such as low birth weight, preterm birth, and developmental delays. Physiological changes during pregnancy also increase vulnerability.","** Pregnant women are considered a susceptible population because pregnancy induces physiological changes — including increased minute ventilation (up to 30–50% higher tidal volume) and elevated cardiac output — that raise the inhaled dose of air pollutants per unit time. Additionally, many pollutants (e.g., PM-bound metals, PAHs, CO, ozone reaction products) can cross the placental barrier, directly exposing the developing fetus during critical windows of organogenesis and growth, increasing risks of adverse birth outcomes such as preterm birth, low birth weight, and neurodevelopmental impairment. These combined factors — greater maternal dose, transplacental transfer, and heightened fetal vulnerability — are why pregnant women are routinely treated as a priority sensitive subgroup in health impact assessments",5,5
JC-107,Explain how the air exchange rate and deposition rate influence the indoor/outdoor ratio of ozone (O₃) in residential buildings.,"Higher air exchange rates increase the transport of outdoor ozone indoors, raising the I/O ratio. Deposition rates, on the other hand, reduce indoor ozone levels by promoting surface reactions, thereby lowering the I/O ratio.","In homes without meaningful indoor O₃ sources, the steady-state indoor/outdoor ratio is approximately \(I/O = P \cdot \text{AER}/(\text{AER} + k_{dep})\), where \(P\) is the penetration factor, AER is the air exchange rate, and \(k_{dep}\) is the indoor deposition/loss rate. Higher AER generally raises indoor ozone by bringing outdoor air in faster, while higher deposition lowers indoor ozone by removing it more quickly on surfaces and through reactions; thus ozone I/O is high when ventilation is strong and indoor losses are weak, and low when surface/reactive losses dominate",5,5
JC-108,Critique the use of relative risk estimates from cohort studies in extrapolating PM2.5-related health risks to low-income countries.,"Relative risk estimates from cohort studies in high-income countries may not be directly applicable to low-income settings due to differences in baseline health status, exposure sources, and population demographics. Additionally, the IER curve may behave differently due to varying susceptibility and exposure patterns.","** Extrapolating RR estimates from high-income country cohort studies (e.g., Harvard Six Cities, ACS CPS-II) to low-income countries raises several fundamental validity concerns. **First, exposure range mismatch**: these cohorts had PM₂.₅ levels typically between 5–30 µg/m³, whereas low-income populations often experience 50–200+ µg/m³; this forces extrapolation far beyond the observed data, where the shape of the concentration–response function is highly uncertain (linear, log-linear, or supralinear?). **Second, PM composition differs radically**: biomass smoke, desert dust, and industrial emissions in low-income settings have different oxidative potential and toxicity per unit mass compared to the traffic/coal-dominated mixtures in U.S. cohorts. **Third, confounding structures do not transport**: the socioeconomic, nutritional, and healthcare-access confounders in low-income countries differ markedly from those adjusted for in wealthy cohorts, and residual confounding patterns (e.g., by indoor air pollution from solid fuels) are not comparable. **Fourth, baseline morbidity differs**: higher burdens of infectious disease, anemia, and malnutrition modify susceptibility to air pollution effects in ways not captured by multiplicative RR models fitted in healthier populations. The GBD Integrated Exposure–Response (IER) function was developed specifically to bridge this gap by pooling ambient cohort, household air pollution, and active smoking studies across the full exposure range, but it still relies on indirect extrapolation at high concentrations and assumes that the relative toxicity per µg/m³ is equivalent across sources — an assumption increasingly questioned by emerging evidence. Best practice for low-income settings involves using the IER or the more recent GBD 2019 MR-BRT spline functions, conducting sensitivity analyses with locally derived effect estimates where available (e.g., China-PAR, Indian cohort studies), and transparently communicating the additional uncertainty from cross-context extrapolation",5,5
JC-109,Describe the primary reason for the WHO's tightening of the annual NO2 guideline from 40 µg/m³ in 2005 to 10 µg/m³ in 2021.,The guideline was tightened due to emerging evidence of significant cardiovascular and respiratory effects at lower NO2 concentrations than previously understood.,"The primary reason for the WHO's tightening of the annual NO₂ guideline from 40 µg/m³ (2005) to 10 µg/m³ (2021) was the accumulation of robust epidemiological evidence — particularly from large multi-city and cohort studies such as ESCAPE — demonstrating statistically significant increases in all-cause mortality, cardiovascular mortality, and respiratory effects at annual average NO₂ concentrations well below 40 µg/m³, with no clear threshold. The 2021 systematic review and meta-analysis underpinning the updated Air Quality Guidelines found that the pooled effect estimates for mortality remained elevated even at concentrations as low as 10 µg/m³, prompting the WHO to lower the guideline by a factor of four to protect public health",5,5
JC-110,Discuss the potential biases introduced by using population-average time-activity patterns in exposure models. How can individual-level trajectory data improve model accuracy?,"Population averages ignore individual variability, leading to misclassification of exposure for outliers. Individual trajectory data can capture specific behaviors and environments, improving model precision but requiring more data processing.","** Using population-average time-activity patterns in exposure models introduces several key biases. First, **ecological fallacy bias** occurs because group-average time allocations (e.g., ""adults spend 16.4 h/d at home"") mask substantial inter-individual variability—commuters, shift workers, home-bound elderly, and outdoor laborers all deviate systematically from the mean. This produces **exposure misclassification**, where the model incorrectly assigns the same indoor/outdoor/mobile microenvironment mix to everyone, attenuating concentration–response relationships toward the null (classical error) or, when subgroups segregate spatially with pollutant gradients, creating differential misclassification that can produce spurious associations. Second, **temporal aggregation bias** arises because population-average patterns lack the day-to-day or hour-by-hour sequence of actual time–location transitions, missing brief but intense exposures (e.g., a 2-minute wait at a bus stop during high-traffic PM₂.₅ peaks). Third, **microenvironment time-weighting error** occurs when the same average schedule is applied to all individuals regardless of geographic context — the indoor time of someone in a high-infiltration home versus a low-infiltration home contributes differently to total exposure, but average patterns ignore that interaction.

Individual-level GPS/mobility trajectory data improve accuracy by replacing synthetic schedules with actual time–location sequences logged at sub-minute resolution. Each GPS point can be matched to a microenvironment (home, office, sidewalk, vehicle interior) via geofencing or land-use databases, and paired with co-located or interpolated pollutant concentrations (e.g., from fixed monitors, personal sensors, or land-use regression surfaces). The trajectory supplies true dwell times per microenvironment, which feed directly into **microenvironmental mass-balance models** (e.g., `C_total = Σ (tᵢ × Cᵢ)` where tᵢ is the measured duration in microenvironment i). This reconstruction captures both the central tendency and the variance of personal exposure, reducing **Berkson error** (because the group mean no longer substitutes for the individual) and **classical error** (because measured concentrations correspond to the actual time–space path rather than a proxy). Consequently, effect estimates in epidemiological applications are less attenuated, confidence intervals are narrower, and high-exposure microenvironments (e.g., in-vehicle comm",5,4
JC-111,Explain how relative risk (RR) values are utilized in exposure-response functions to estimate air pollution-related health impacts for morbidity outcomes.,"Relative risk (RR) values quantify the increased probability of an adverse health outcome associated with exposure to a specific pollutant level compared to a baseline (counterfactual) exposure. Exposure-response functions use RR to model the relationship between pollutant concentrations and health outcomes, enabling estimates of excess morbidity attributable to exposure. These estimates inform public health interventions.","Relative risk (RR) values are used in exposure–response (concentration–response) functions to quantify how the risk of a morbidity outcome changes with air pollution concentration. In practice, RR is parameterized as a function of pollutant concentration (often via a log-linear model), so that for an exposure level \(C\) relative to a reference (e.g., TMREL) \(C_0\), the model yields
\[
RR(C)=\exp\{\beta\,(C-C_0)\},
\]
where \(\beta\) is the estimated slope from epidemiologic studies. This RR then scales the baseline (unexposed) incidence rate to obtain the expected incidence under the observed exposure.

To estimate health impacts, RR is converted to an attributable fraction (AF) representing the proportion of cases in the exposed population caused by the exposure:
\[
AF=\frac{RR-1}{RR}
\]
(or, when using prevalence of exposure, a population attributable fraction/PAF form is used). Finally, attributable morbidity cases are computed by applying AF to the baseline incidence:
\[
\text{Attributable cases} = \text{Population}\times \left(\frac{\text{baseline rate}}{100{,}000}\right)\times AF.
\]
Thus, RR is the bridge from exposure–response biology/epidemiology to population-level morbidity estimates by (1) translating concentration changes into risk multipliers and (2) converting those multipliers into attributable fractions and then into numbers of cases",5,5
JC-112,"Estimate the number of attributable deaths in a city with a population of 1,000,000, a baseline mortality rate for IHD of 150 deaths per 100,000 per year, and a PAF of 0.125 due to PM2.5 exposure.","Attributable deaths = baseline rate × population × PAF = (150/100,000) × 1,000,000 × 0.125 = 187.5 deaths/year.",188 deaths per year,5,5
JC-113,Why does the EPA Exposure Factors Handbook provide separate inhalation rate recommendations for different age groups?,"The EPA Exposure Factors Handbook provides separate inhalation rate recommendations for different age groups because physiological differences, such as lung capacity and breathing frequency, vary significantly with age. Children, for instance, have higher inhalation rates per unit body weight compared to adults, making them more vulnerable to airborne contaminants. Age-specific data ensure more accurate exposure and risk assessments.","The EPA Exposure Factors Handbook gives separate inhalation rates because people of different ages breathe at different rates due to differences in body size, metabolic rate, and typical activity levels. Using age-specific values improves exposure estimates, especially for children, who can have higher inhalation per unit body weight than adults",5,5
JC-114,What biases might arise when estimating DALYs for PM2.5-attributable diseases if disability weights are not representative of the affected population?,Biases include over- or underestimation of the disease burden if disability weights do not capture variations in disease severity or cultural perceptions of health states. This may distort prioritization of interventions.,"If disability weights are not representative of the affected population, the YLD component of DALYs can be biased up or down, which then biases total DALYs for PM2.5-attributable diseases. In practice, this can overstate burden if the weights are too high for the population’s actual health-state experience, or understate burden if they are too low; the bias may be especially important when severity, age, comorbidity, or cultural perceptions of health differ from the reference population used to derive the weights",5,5
JC-115,Why does EPA EFH recommend separate inhalation rates for short-term vs long-term exposure assessments? What bias arises from using long-term rates in acute scenarios?,"Short-term rates account for variability in activity patterns (e.g., exercise, sleep) that influence inhalation rates over short durations. Long-term rates are averages and may underestimate peak exposures during high-activity periods, leading to bias in acute risk assessments.","**

The EPA EFH (2011, Chapter 6) distinguishes short-term (activity-specific, per-hour) inhalation rates from long-term (daily-integrated average) rates because acute exposure scenarios involve brief, high-activity intervals (e.g., jogging at 4.8 m³/h for 1 h) where ventilation increases dramatically above resting levels, whereas chronic assessments integrate over a full day (adult ~15.7 m³/day or ~0.65 m³/h average) to capture cumulative long-term dose. Using the long-term rate (~0.65 m³/h) in an acute scenario involving moderate-to-heavy exertion (1.5–4.8 m³/h) **underestimates the inhaled dose by a factor of 2–7**, because the short-term rate during the activity window is substantially higher. This bias is critical when toxicity is driven by **peak concentration × peak ventilation** (e.g., irritant gases, rapidly acting systemic toxicants) rather than cumulative mass, and can lead to a false-negative conclusion that an acute hazard quotient or margin of exposure is acceptable when in reality a brief high-dose exposure exceeds a health-protective threshold",5,5
JC-116,What biases might arise from using default uncertainty factors (UFs) in deriving RfD and RfC values for sensitive subpopulations?,Default UFs may overestimate or underestimate risks for sensitive subpopulations due to variability in toxicodynamics and exposure-response relationships. They may not account for specific genetic or physiological vulnerabilities.,"Using default UFs can bias RfD/RfC values in both directions, but the main concern for sensitive subpopulations is usually residual underprotection when the defaults do not fully capture true human variability, life-stage susceptibility, or combined vulnerabilities. They can also introduce conservatism that overprotects the average population, so the resulting value may be less precise and not equally protective for all sensitive groups",5,5
JC-117,Explain how relative risk (RR) values are utilized in exposure-response functions to estimate air pollution-related health impacts for morbidity outcomes.,"Relative risk (RR) values quantify the increased probability of an adverse health outcome associated with exposure to a specific pollutant level compared to a baseline (counterfactual) exposure. Exposure-response functions use RR to model the relationship between pollutant concentrations and health outcomes, enabling estimates of excess morbidity attributable to exposure. These estimates inform public health interventions.","Relative risk (RR) in an exposure-response function expresses how much more likely a morbidity outcome is at a given pollution exposure compared with a reference or counterfactual exposure. The function links concentration to RR, then RR is converted to excess risk or attributable fraction, commonly AF = (RR−1)/RR, and multiplied by the baseline morbidity rate and exposed population to estimate the number of attributable cases.

For morbidity outcomes, this is often done for endpoints like asthma exacerbations, hospital admissions, or chronic bronchitis using concentration-response coefficients from epidemiologic studies. The estimate depends on the chosen counterfactual level, the shape of the exposure-response curve, and assumptions that the study-derived RR applies to the target population and that confounding has been adequately addressed",5,5
JC-118,Why is it important to consider confidence intervals (CI) when interpreting RR values in epidemiological studies?,"Confidence intervals provide a range of plausible values for the RR, reflecting the precision of the estimate and the level of uncertainty. They help assess statistical significance and the reliability of the observed association.","** Confidence intervals (CI) are essential when interpreting relative risks (RR) because the RR alone is a *point estimate* from a sample and gives no information about the precision or statistical reliability of that estimate. A wide CI (e.g., RR = 1.8, 95% CI 0.9–3.6) tells you the study lacked power and the true effect could range from protective to harmful — meaning the observed elevation is not statistically significant even though the point estimate looks large. Conversely, a narrow CI (e.g., RR = 1.10, 95% CI 1.05–1.15) signals high precision and statistical significance, even for a small effect. Additionally, CI interpretation reveals whether the estimate crosses the null (1.0), which is the threshold for statistical significance, and provides the range of plausible true effect sizes — directly informing how confident we are that an association is real, clinically meaningful, and not due to random error",5,5
JC-119,What methodological approaches can be used to address exposure measurement error in air pollution epidemiology?,Approaches include: (1) using personal monitoring devices to improve individual-level exposure assessment; (2) applying spatiotemporal models to refine ambient exposure estimates; (3) leveraging biomarkers to validate exposure; and (4) sensitivity analyses to quantify the impact of misclassification.,"Exposure measurement error in air pollution epidemiology can be addressed with a combination of (1) improved exposure assessment and (2) statistical methods that explicitly model or correct mismeasurement.

Key methodological approaches include:
- **Better exposure measurement / study design**
  - Use **higher-resolution spatiotemporal exposure models** (e.g., land-use regression, dispersion models, satellite + chemical transport model fusion).
  - **Personal or near-person monitoring** (subset validation studies) and **repeated measures** to reduce random error and capture within-person variability.
  - Reduce **spatial/temporal mismatch** by aligning exposure windows with relevant activity periods (e.g., time-activity patterns, commuting/indoor infiltration where feasible).

- **Calibration and validation-based correction**
  - Conduct **validation studies** with reference monitors or personal monitors, then apply **calibration models** (e.g., regression calibration).
  - Use **measurement error models** informed by validation data to correct bias in effect estimates.

- **Statistical measurement error methods**
  - **Regression calibration** (common when error is approximately classical and validation data exist).
  - **SIMEX** (simulation-extrapolation) to assess and correct bias under assumed error structure.
  - **Bayesian hierarchical measurement error models** that jointly model exposure surfaces, measurement error, and outcome uncertainty.
  - Methods tailored to **Berkson-type error** vs **classical error** (direction and magnitude of bias differ).

- **Spatiotemporal uncertainty propagation**
  - Treat exposure estimates as **random variables** (not fixed) and propagate uncertainty through the analysis (e.g., Bayesian posterior draws, multiple imputation of exposure).
  - Use **kriging/spatiotemporal geostatistical models** that quantify prediction error.

- **Sensitivity analyses and robustness checks**
  - Perform **bias/attenuation sensitivity analyses** under alternative error assumptions (classical vs Berkson, different error variances).
  - Use **negative controls**, alternative exposure metrics, and **alternative exposure windows** to test whether results are driven by mismeasurement.
  - Quantify uncertainty via **probabilistic bias analysis** or **simulation-based uncertainty**.

If you tell me the pollutant, study design (cohort/case-control/time-series), and what exposure data you have (monitoring network vs model-based), I can sugges",4,5
JC-120,Discuss the role of wearable sensors in complementing GPS data for exposure assessment.,"Wearable sensors can measure real-time pollutant concentrations directly, providing data that complements GPS-based microenvironment classification. Together, they enable a more comprehensive exposure assessment by combining spatial data with pollutant levels.","Wearable sensors can substantially improve exposure assessment when used alongside GPS by filling in the “microenvironment and activity” gaps that GPS alone cannot resolve.

- **What GPS provides (spatiotemporal context):** GPS primarily identifies *where* a person is and *when* (route, time spent in neighborhoods, travel segments). This supports linking locations to outdoor air models, land-use regression, or fixed monitoring stations.

- **What wearables add (behavioral + physiological + microenvironment proxies):**
  - **Activity intensity (accelerometer/gyroscope):** Helps estimate breathing rate and inhalation dose because exposure is often driven by *ventilation* (e.g., light vs heavy exertion) rather than just location.
  - **Time–activity refinement:** Wearables can distinguish *walking vs driving vs indoor stationary* more reliably than GPS alone (e.g., GPS can be noisy in buildings or during stops).
  - **Personal exposure surrogates:** Some wearables directly measure or infer exposure-relevant quantities (e.g., particulate matter, noise, temperature/humidity, sometimes VOCs/CO2 as ventilation proxies). Even when not chemically specific, they can capture short-term peaks and personal variability.
  - **Physiological/indirect ventilation signals:** Sensors like **CO2** (if available) can indicate ventilation conditions (e.g., indoor air exchange), improving interpretation of indoor/outdoor transitions.

- **How to integrate GPS + wearables (common approaches):**
  - **Segment classification:** Use GPS tracks to define *location segments* (home, outdoors, transit corridor) and use wearable signals to classify *activity segments* (rest, commute, exertion). Then apply segment-specific exposure models.
  - **Breathing-rate adjustment:** Convert activity-derived intensity into inhalation rate and compute dose (concentration × inhaled volume over time), rather than using a single default breathing rate.
  - **Indoor/outdoor inference:** Combine GPS (signal quality + location) with wearable cues (e.g., accelerometer patterns, CO2/temperature/humidity) to better estimate time spent indoors and ventilation state.
  - **Data fusion / machine learning:** Train models that map sensor features (GPS + accelerometer + PM/CO2/meteorology) to microenvironment labels or exposure estimates, often outperforming rule-based methods.

- **Why this improves exposure assessment:**
  - **Captures short-term variability:** Wearables detect rapid changes in movement and cond",5,5
JC-121,Critique the use of physiologically-based pharmacokinetic (PBPK) models for route-to-route extrapolation in risk assessment.,"PBPK models allow for the simulation of chemical absorption, distribution, metabolism, and excretion across exposure routes. However, challenges include the accuracy of parameterization, interindividual variability, and assumptions about metabolic equivalence between routes. Validation against empirical data is critical for reliable extrapolation.","PBPK models can improve route-to-route extrapolation because they translate external exposure by different routes into internal dose metrics at target tissues, making risk assessment more biologically realistic than simple default adjustments. Their main limitations are heavy data and calibration needs, uncertainty in route-specific absorption/metabolism and tissue partitioning, potential identifiability problems, and the risk of false confidence when models are poorly validated or applied outside their domain. Best practice is to use PBPK models as decision-support tools with transparent assumptions, sensitivity/uncertainty analysis, and empirical validation against route-specific toxicokinetic data",5,5
JC-122,How can GPS trajectory data be used to estimate an individual's exposure to air pollutants during their daily commute?,"GPS trajectory data provides spatial and temporal information that allows identification of the microenvironments visited during a commute, such as transit, outdoor, or indoor spaces. By combining GPS data with pollutant concentration measurements from monitoring stations or models, exposure levels for each microenvironment can be calculated. Time spent in each environment can then be used to determine a time-weighted average exposure.","** GPS trajectory data enables personalized exposure assessment by linking a person's time-stamped location sequence to spatiotemporally resolved air quality surfaces. The process involves three main steps: (1) **microenvironment classification** — the `trajectory_match` tool parses GPS coordinates into segments (e.g., walking, cycling, in-vehicle, indoors) and assigns durations; (2) **concentration assignment** — each segment is matched to ambient or microenvironment-specific pollutant concentrations, via tools like `airquality_lookup` (monitor data, satellite, or land-use regression), and modified by indoor/vehicle penetration factors (e.g., in-vehicle PM₂.₅ typically ~0.3–0.5× ambient); and (3) **time-weighted dose estimation** — the total inhaled dose is calculated by summing over segments: Dose = Σ(C_i × IR_i × t_i), where IR_i is the inhalation rate appropriate for the activity level (e.g., 1.5 m³/h for light/sitting, 2.5 m³/h for moderate/walking, 4.8 m³/h for heavy/cycling based on EPA EFH 2011), and t_i is the time spent in each microenvironment. This approach can reveal peak exposures during commute hotspots, compare route alternatives, and feed into health risk models (e.g., noncancer HQ or attributable mortality via IER)",4,4
JC-123,Why is the WHO AQG for daily SO₂ exposure set at 40 µg/m³ in 2021?,"The guideline reflects evidence on the short-term respiratory effects of SO₂ exposure, including asthma exacerbation, even at low concentrations.","WHO set the 2021 24-hour SO₂ AQG at 40 µg/m³ to protect against short-term respiratory effects, especially bronchoconstriction and symptom worsening in people with asthma and other sensitive groups. The value reflects updated epidemiologic and clinical evidence showing health effects at relatively low short-term concentrations, so the guideline was chosen as a protective daily level rather than a threshold of zero risk",5,5
JC-124,Describe how environmental tobacco smoke (ETS) contributes to indoor air pollution and influences the I/O ratio of PM2.5.,"ETS is a major indoor source of PM2.5, releasing fine particles and VOCs directly into the indoor environment. Homes with active smoking often exhibit elevated PM2.5 levels indoors, resulting in an I/O ratio greater than 1, as ETS adds to indoor pollutant loads independent of outdoor concentrations.","Environmental tobacco smoke is a major indoor source of fine particulate matter, adding large amounts of combustion-derived PM2.5, nicotine, VOCs, PAHs, and other toxic pollutants directly into indoor air. In a home or room without indoor sources, the PM2.5 indoor/outdoor (I/O) ratio is mainly controlled by outdoor infiltration, penetration, ventilation, and deposition and is often at or below 1; when ETS is present, it adds an indoor source term, so indoor PM2.5 can exceed outdoor levels and the I/O ratio often rises above 1, sometimes substantially",5,5
JC-125,"List three major determinants of the indoor/outdoor (I/O) ratio of PM2.5 in residential buildings, and briefly explain the mechanism of each.",Air exchange rate (AER); penetration factor (P); indoor sources and deposition rate (k).,"Three major determinants of the indoor/outdoor (I/O) ratio of residential PM2.5 are:

1) **Outdoor penetration (building envelope leakage + pressure-driven airflow)**
   - Mechanism: PM2.5 enters indoors with infiltrating air. Higher air leakage/penetration (often higher with wind/stack effects or poor sealing) increases indoor concentrations relative to outdoors, raising the I/O ratio.

2) **Indoor removal processes (deposition/filtration/settling and air cleaning)**
   - Mechanism: Once indoors, particles are removed by deposition onto surfaces, coagulation, and—if present—filtration/air cleaners. Stronger removal (higher deposition/cleaning efficiency) lowers indoor PM2.5 relative to outdoor levels, reducing the I/O ratio.

3) **Indoor sources (generation within the home)**
   - Mechanism: Activities such as cooking (especially frying), smoking/vaping, candles/incense, wood burning, and resuspension of dust add PM2.5 that is not reflected in outdoor concentrations. More indoor generation increases indoor PM2.5 and therefore increases the I/O ratio",5,4
JC-126,"Determine the multi-route hazard quotient (HQ) for an adult exposed to lead via inhalation (5 µg/m³) and ingestion (10 µg/day). Assume inhalation rate of 15.7 m³/day, ingestion rate of 1053 mL/day, body weight of 80 kg, and RfD of 4 × 10⁻⁴ mg/kg/day.",HQ_inhalation = (C_inhalation × IR) / (RfD × BW); HQ_ingestion = (C_ingestion × IR_ingestion) / (RfD × BW); Total HQ = HQ_inhalation + HQ_ingestion = (5 × 15.7 / (4 × 10⁻⁴ × 80)) + (10 × 10⁻³ × 1.053 / (4 × 10⁻⁴ × 80)) = 0.49 + 0.33 = 0.82.,"I can’t determine a numeric **multi-route HQ** from the information given because the **inhalation reference value (RfC) for lead** is not provided, and the **ingestion concentration** needed to convert **1053 mL/day** into **mg/day** is also not provided (the problem only gives “10 µg/day” but then asks to use an ingestion rate in mL/day).  

If you confirm either (a) the lead **RfC** (mg/m³) and whether “10 µg/day” is already the **ingestion dose**, or (b) the **lead concentration in water/food** (e.g., µg/L) corresponding to 1053 mL/day, I can compute the HQ immediately",0,1
JC-127,"Identify three key health outcomes commonly assessed in global burden of disease (GBD) studies related to air pollution exposure, and explain their relevance.","Cardiovascular diseases (e.g., ischemic heart disease, stroke), respiratory diseases (e.g., COPD, asthma), and lung cancer. These outcomes are major contributors to morbidity and mortality globally and have strong evidence linking them to air pollution exposure.","Three key health outcomes commonly assessed in GBD studies for air pollution are ischemic heart disease, stroke, and chronic obstructive pulmonary disease (COPD). These are relevant because they account for a large share of premature deaths attributable to ambient and household air pollution, especially through long-term PM2.5 exposure. GBD studies also often assess lung cancer and lower respiratory infections, since air pollution contributes importantly to both chronic and acute respiratory disease burden",5,5
JC-128,Discuss the advantages and limitations of using blood lead levels as a biomarker for environmental lead exposure.,"Blood lead levels provide a direct measure of recent lead exposure and are useful for assessing immediate health risks. However, they do not reflect cumulative exposure or lead stored in bones, limiting their use for long-term exposure assessments.","** Blood lead levels (BLL) are advantageous as a biomarker because they reliably reflect recent (weeks-to-months) exposure, are measured via standardized, validated methods (e.g., graphite furnace AAS or ICP-MS) with excellent sensitivity and specificity, and correlate well with both external exposure levels and short-term health effects (e.g., neurodevelopmental delays in children, heme synthesis disruption). The key limitations are that BLL reflects only the blood compartment (half-life ~30 days in adults, shorter in children) and can miss cumulative body burden stored in bone (half-life years-to-decades), meaning a single low BLL can falsely reassure when past exposure was high; additionally, BLL can be confounded by recent transient exposures, hemoconcentration, and may not capture chronic low-level effects that manifest through bone lead mobilization during pregnancy, lactation, or aging. Thus, BLL is best used as a short-term exposure metric and should be complemented with bone lead measurements or cumulative exposure indices for a complete risk assessment",5,5
JC-129,What are the advantages of using real-time GPS tracking in personal exposure studies compared to static location tracking?,"Real-time GPS tracking captures dynamic movement patterns, allowing for a more granular analysis of exposure variability over time and across different microenvironments. Unlike static tracking, it enables the identification of transient high-exposure events, such as passing through heavily polluted areas during commutes.","** Real-time GPS tracking offers several key advantages over static location tracking in personal exposure studies. First, it provides high spatiotemporal resolution by continuously recording a participant's actual movement, capturing transient exposures (e.g., near traffic intersections, during commute) that static monitors or time-activity diaries would miss. Second, it eliminates recall bias associated with self-reported location diaries and objectively quantifies time spent in multiple microenvironments (indoors, outdoors, in-vehicle), enabling microenvironment-specific exposure reconstruction. Third, it allows researchers to identify exposure peaks tied to specific routes or activities, assess pathway-specific risks (e.g., walk vs. bike vs. drive), and verify compliance with study protocols — all of which are impossible with a single static monitor or coarse time-location assumption",5,5
JC-130,"How do ventilation rates associated with different activity levels contribute to variations in inhalation exposure risk, as described in the EPA Exposure Factors Handbook?","Ventilation rates increase with activity levels because physical exertion raises breathing rates. The EPA Exposure Factors Handbook provides data on activity-specific ventilation rates, allowing for more accurate exposure estimates during activities such as exercise, when individuals inhale more air and potentially more pollutants.","The EPA Exposure Factors Handbook (2011, Chapter 6) provides time-weighted and short-term inhalation rates for three activity levels that directly govern inhalation exposure risk. Under **light/sedentary** activity (e.g., sitting, resting), the default ventilation rate is ~1.5 m³/h for a combined adult; under **moderate** activity (e.g., walking, light housework), it rises to ~2.5 m³/h; and under **heavy** activity (e.g., running, strenuous labor), it reaches ~4.8 m³/h for males (females ~30% lower across all levels). Since inhaled dose is calculated as **Dose = C × IR × ET ÷ BW** (concentration × inhalation rate × exposure time ÷ body weight), a person engaged in heavy activity breathes more than **3 times the air volume per hour** compared to being sedentary, delivering a proportionally higher mass of any airborne pollutant to the respiratory tract. This means that even at the same ambient concentration, exposure risk varies dramatically by activity level — a jogger along a busy road (heavy activity) accumulates a far higher inhaled dose over the same duration than someone sitting on a park bench (light activity). The EFH further provides age- and sex-specific activity inhalation rates (e.g., adolescents 11–16 yr: 1.7–2.3 m³/h light, 2.9–3.8 moderate, 5.5–7.3 heavy) to ensure risk assessors can match physiological ventilation to the activity patterns of the population of interest, which is critical for accurate exposure and risk characterization",4,4
JC-131,What is the role of penetration factor in determining indoor concentrations of outdoor air pollutants?,"The penetration factor quantifies the proportion of outdoor air pollutants that enter the indoor environment through openings such as windows, doors, and cracks. It depends on pollutant properties, building characteristics, and environmental factors, influencing indoor air quality directly.","The penetration factor is the fraction of outdoor pollutant that passes through the building envelope and enters indoors during air exchange. It ranges from 0 to 1, so higher penetration means more outdoor pollution gets indoors; in simple mass-balance models with no indoor sources or sinks, indoor concentration is proportional to penetration (e.g., \(C_{in} \approx P \cdot C_{out}\), or more generally the indoor/outdoor ratio includes \(P\) along with air exchange and deposition)",5,5
JC-132,Explain how the air exchange rate and deposition rate influence the indoor/outdoor ratio of ozone (O₃) in residential buildings.,"Higher air exchange rates increase the transport of outdoor ozone indoors, raising the I/O ratio. Deposition rates, on the other hand, reduce indoor ozone levels by promoting surface reactions, thereby lowering the I/O ratio.","**

The indoor/outdoor (I/O) ratio of ozone in a residence with no indoor source is given by the steady-state mass-balance expression: **I/O = (P × AER) / (AER + k_dep)**, where P is the penetration factor (≈0.7–1.0 for O₃, as ozone partially deposits on building envelope surfaces), AER is the air exchange rate (h⁻¹), and k_dep is the first-order indoor deposition loss rate (h⁻¹). Because ozone is highly reactive, k_dep is substantial — typical values in residences range from ~2 to 5 h⁻¹ depending on surface materials (carpets, paints, furnishings), whereas AER in modern homes is often 0.3–1.0 h⁻¹. Since k_dep usually dominates the denominator, I/O ratios for ozone are typically low (0.2–0.7). Increasing AER raises the numerator faster than the denominator, pushing I/O closer to P (i.e., indoor concentrations more closely track outdoor levels). Conversely, increasing the indoor deposition rate (e.g., by adding reactive surfaces or increasing surface-area-to-volume ratio) lowers I/O by increasing the loss term in the denominator. Therefore, tightly sealed homes with reactive interior surfaces have the lowest indoor ozone, while highly ventilated buildings with low-reactivity surfaces approach outdoor O₃ levels",5,5
JC-133,Explain why the EPA Exposure Factors Handbook provides separate drinking water intake rates for different age groups.,"Drinking water intake rates vary significantly with age due to differences in body size, metabolic needs, and activity levels. Providing age-specific rates improves the accuracy of exposure assessments for sensitive populations, such as children and the elderly.","** The EPA Exposure Factors Handbook (EFH) provides separate drinking water intake rates for different age groups for three main reasons. First, **physiological differences** — children have higher metabolic rates per unit body weight and different body water turnover, meaning they consume more water per kilogram of body weight than adults. An infant may drink ~0.7 L/day but that represents a much larger fraction of their body mass compared to an adult's 2–3 L/day relative to 70–80 kg. Second, **behavioral differences** — infants and toddlers are exclusively or predominantly fed liquids (breast milk, formula, juices), while older children and adults have more varied diets with a smaller liquid-to-solid ratio. Third, and most critically for **risk assessment**, because dose per body weight is used to compare exposure to health-based reference values (e.g., RfDs), using a single adult intake rate would underestimate exposure for children. Since children are often more sensitive during development and have a longer lifetime to express chronic effects, the EFH stratifies intake by age (e.g., <1 yr, 1–2 yr, 3–6 yr, 6–11 yr, 11–16 yr, 16–21 yr, adult) to support age-specific, health-protective risk assessments",5,5
JC-134,Explain how relative risk (RR) values are utilized in exposure-response functions to estimate air pollution-related health impacts for morbidity outcomes.,"Relative risk (RR) values quantify the increased probability of an adverse health outcome associated with exposure to a specific pollutant level compared to a baseline (counterfactual) exposure. Exposure-response functions use RR to model the relationship between pollutant concentrations and health outcomes, enabling estimates of excess morbidity attributable to exposure. These estimates inform public health interventions.","Relative risk (RR) is the core output of an exposure-response function: it quantifies how much the probability of a morbidity outcome changes at a given pollution level compared with a reference level. RR is then converted to an attributable fraction, typically AF = (RR − 1) / RR, and that fraction is multiplied by the exposed population and the baseline disease rate to estimate attributable cases or other health impacts",5,5
JC-135,What factors influence the contribution of commuter exposure to total daily exposure?,"Factors include the duration of commuting, concentration levels in vehicles or transit environments, ventilation rates, and the individual's inhalation rate during commuting.","The commuter contribution to total daily exposure depends mainly on commute duration, pollutant concentration during the commute, breathing rate/activity level, travel mode and ventilation (e.g., car, bus, walking, cycling), and how the commute compares with exposures in other microenvironments like home and work. It also depends on timing, route, traffic conditions, and whether the pollutant is highly variable in space and time",5,5
JC-136,What methodological approaches can be used to address exposure measurement error in air pollution epidemiology?,Approaches include: (1) using personal monitoring devices to improve individual-level exposure assessment; (2) applying spatiotemporal models to refine ambient exposure estimates; (3) leveraging biomarkers to validate exposure; and (4) sensitivity analyses to quantify the impact of misclassification.,"Common approaches include using better exposure models or monitoring data to reduce error, then applying statistical correction methods such as regression calibration, simulation-extrapolation (SIMEX), Bayesian hierarchical measurement-error models, and validation-study-based calibration. Sensitivity analyses and multiple imputation are also often used to assess robustness to exposure uncertainty and missingness",4,4
JC-137,What is the role of the attributable fraction (AF) in health impact assessments of air pollution?,"The attributable fraction (AF) quantifies the proportion of a health outcome (e.g., mortality or morbidity) in a population that can be attributed to a specific exposure, such as air pollution. It is calculated using the relative risk and represents the burden of disease that could be prevented if the exposure were eliminated or reduced to a counterfactual level.","The attributable fraction (AF) is the proportion of a health outcome in an exposed population that is due to the exposure, assuming the observed association is causal. In air pollution health impact assessments, AF is used to estimate how many cases, deaths, or hospitalizations could be prevented if pollution were reduced to a counterfactual or reference level",5,5
JC-138,What are the challenges in applying age-specific parameters in lifetime average daily dose (LADD) calculations?,"Age-specific parameters account for differences in inhalation rate, body weight, and activity patterns across life stages. Challenges include obtaining accurate data, integrating variable exposure scenarios, and ensuring consistency in averaging time. These factors introduce complexity in lifetime dose estimation.","Age-specific LADD calculations are challenging because key inputs change substantially over time—body weight, inhalation/ingestion rates, activity patterns, and exposure duration all vary by life stage. In practice, data are often sparse or based on broad age bins, so analysts must approximate continuous lifetime exposure with discrete periods, which introduces uncertainty and can bias the dose estimate if early-life exposures are not handled carefully",4,4
JC-139,Why are blood lead levels commonly used as biomarkers for assessing lead exposure?,"Blood lead levels reflect recent exposure and the amount of lead circulating in the bloodstream, making them a direct measure of internal dose. They are widely used because they can be easily measured and correlate with health outcomes related to lead toxicity.","Blood lead levels are commonly used because lead in blood is a good indicator of recent and ongoing exposure, and it is relatively easy to measure. Blood also serves as the transport medium linking exposure to target tissues, so it is useful for biomonitoring and risk assessment",4,4
JC-140,What is the significance of the counterfactual or baseline exposure level in health impact assessments?,"The counterfactual exposure level represents the hypothetical level of exposure (e.g., the WHO air quality guideline) at which no or minimal health impacts are expected. It is significant because it serves as a reference point for estimating the additional health burden attributable to current exposure levels.","The counterfactual or baseline exposure level is the reference scenario used to estimate what health burden would remain if exposure were reduced to a chosen minimum or “no-risk” level. It is significant because all attributable cases, deaths, or risk estimates are calculated relative to that baseline, so the choice of counterfactual directly affects the estimated health impact",5,5
JC-141,"Explain how GPS data can be used to classify microenvironments for a commuter's daily exposure assessment, and why dwell time is critical for accuracy.","GPS data provides spatiotemporal coordinates that can be mapped to land-use categories, such as home, office, transit, or outdoor spaces. Dwell time thresholds help distinguish between passing through an area and actively occupying it, ensuring accurate microenvironment classification for exposure assessment.","GPS data are typically cleaned and segmented into stops, trips, and location clusters using coordinates, speed, and time stamps, then matched to microenvironments such as home, workplace, vehicle, transit, outdoor, or other indoor settings. Dwell time is critical because exposure depends on both concentration and time spent in each microenvironment; even a well-classified location contributes little if the stay is brief, while long stays can dominate the daily dose and make misclassification much more consequential",4,5
JC-142,"Explain how GPS data can be used to classify microenvironments for a commuter's daily exposure assessment, and why dwell time is critical for accuracy.","GPS data provides spatiotemporal coordinates that can be mapped to land-use categories, such as home, office, transit, or outdoor spaces. Dwell time thresholds help distinguish between passing through an area and actively occupying it, ensuring accurate microenvironment classification for exposure assessment.","GPS data enables microenvironment classification by providing continuous, time-stamped geographic coordinates (lat/lon) that can be fused with land-use or geofenced zone data (e.g., transit corridors, building footprints, parks) to segment a commuter's day into distinct microenvironments—in-vehicle, indoor office, outdoor walking, indoor residence, etc. Speed and heading derived from sequential GPS points further refine class (e.g., >25 km/h on a road network strongly implies a vehicle microenvironment). Dwell time—the uninterrupted duration a commuter spends in one location—is critical because (1) it resolves spatial ambiguity: a brief stop at a traffic light near a building might otherwise be misclassified as ""indoor,"" whereas dwelling for ≥5–10 minutes within a building footprint confirms indoor occupancy; and (2) it directly weights cumulative exposure: concentration × dwell time yields the time-integrated dose contribution, so even a high-concentration microenvironment contributes little if dwell time is negligible, while a moderate-concentration microenvironment with long dwell time (e.g., 8 hours in an office) dominates total daily exposure. Without accurate dwell-time segmentation, exposure models risk both misclassifying microenvironments and mis-weighting the dose contributions, leading to substantial bias in the final intake estimate",5,5
JC-143,Describe how gender-specific body weight data in the EPA Exposure Factors Handbook impacts dietary exposure assessments.,"Gender-specific body weight data are vital for dietary exposure assessments because they allow for the calculation of ingestion rates that account for physiological differences between males and females. For instance, males tend to have higher body weights, which may result in lower per-kilogram exposure when consuming the same amount of a contaminant as females.","Gender-specific body weight values in the EPA Exposure Factors Handbook (EFH) affect dietary exposure assessments because dietary intake is typically normalized by body weight (e.g., dose in mg/kg-day). Using sex-specific weights changes the denominator in that normalization, so the same absolute dietary intake (mg/day) yields different per-kg doses for males vs females—often increasing doses for the sex with lower average body weight and decreasing them for the sex with higher average body weight.

This matters most when:
- **Assessing sensitive groups** (e.g., children/teens) where body-weight differences can meaningfully shift mg/kg-day results.
- **Comparing risk across populations** (e.g., hazard quotients for noncancer effects or margins of exposure for cancer), because many risk metrics are driven by the per-kg dose.
- **Selecting “high-exposure” scenarios**: if one sex has lower body weight in the EFH dataset, that sex may more readily exceed health benchmarks even when absolute intake is similar.

In practice, incorporating gender-specific body weight improves **population relevance and accuracy**, but it can also increase apparent risk for the group with lower body weight if dietary intake assumptions are held constant",5,5
JC-144,Critique the use of relative risk estimates from cohort studies in extrapolating PM2.5-related health risks to low-income countries.,"Relative risk estimates from cohort studies in high-income countries may not be directly applicable to low-income settings due to differences in baseline health status, exposure sources, and population demographics. Additionally, the IER curve may behave differently due to varying susceptibility and exposure patterns.","PM2.5-related relative risks (RRs) from cohort studies are often treated as transferable, but that assumption is frequently strained when extrapolating to low-income countries (LICs). Key critique points include: (1) **confounding and residual bias** (e.g., smoking, occupational exposures, indoor biomass burning, socioeconomic status) that may differ in magnitude and pattern across settings; (2) **effect modification**—the PM2.5–health slope may change with baseline health, nutrition, age structure, comorbidity (e.g., COPD prevalence), and susceptibility (e.g., infections, genetic/epigenetic factors), so the same RR may not apply; (3) **exposure measurement and composition differences**—cohort RRs are estimated using monitoring networks and PM composition typical of high-income settings, while LICs often have different sources (dust, biomass smoke, secondary sulfate/nitrate ratios) and stronger indoor/outdoor contrasts, making “PM2.5” a less uniform exposure; (4) **baseline risk and absolute risk translation**—RRs preserve *relative* change but not the *absolute* burden; LICs may have higher baseline mortality and different competing risks, so translating RR into deaths/years requires careful handling of baseline rates and competing causes; (5) **health system and treatment differences**—RRs implicitly reflect both biological effects and downstream care (e.g., hospitalization, case fatality, access to chronic disease management), which can alter observed associations; (6) **time-series vs cohort heterogeneity**—cohort studies capture long-term exposure with different lag structures than short-term studies, and LICs may have different exposure trajectories (rapid urbanization, seasonal patterns, migration); and (7) **uncertainty under-communication**—using a single RR without transparent uncertainty ranges (including between-study heterogeneity and model specification) can overstate precision and mislead policy prioritization",5,5
JC-145,How does the EPA Exposure Factors Handbook incorporate age-specific skin surface area data into dermal exposure assessments?,"The handbook provides age-specific skin surface area estimates based on body weight and height, recognizing that children have proportionally larger surface areas relative to their body mass. This data is crucial for dermal exposure assessments as it determines the extent of pollutant contact, especially for substances that interact directly with the skin.","The EPA Exposure Factors Handbook provides age-specific skin surface area values so dermal exposure can be scaled to the amount of skin available for contact, which differs substantially for infants, children, and adults. In dermal dose assessments, those values are combined with contaminant loading, contact frequency/duration, and absorption assumptions to estimate absorbed dose, either for total body surface area or for specific exposed body regions",4,4
JC-146,Discuss the role of air exchange rate and indoor surface area in determining the decay of indoor O₃ levels over time. Include the relevant equations.,"The decay of indoor O₃ is governed by AER and surface deposition. The decay rate constant (k) combines AER and deposition: k = AER + k_surface. Increased AER enhances outdoor O₃ inflow but also accelerates removal. Larger surface areas increase deposition, lowering O₃ levels.","Indoor O₃ decay is commonly described by a first-order mass-balance model, where the key loss processes are air exchange with outdoors and deposition/reaction at indoor surfaces. For a well-mixed room with no indoor O₃ source, the time-dependent equation is \( \frac{dC_{in}}{dt} = P\,AER\,C_{out} - (AER + k_{dep})C_{in} \), and after an outdoor step change or when outdoor O₃ is negligible, the decay is \( C_{in}(t)=C_{in}(0)e^{-(AER+k_{dep})t} \). The decay timescale is \( \tau = 1/(AER+k_{dep}) \), so higher air exchange rate speeds indoor O₃ turnover, while larger indoor surface area increases the deposition loss rate \(k_{dep}\) and therefore also accelerates decay",5,5
JC-147,"Describe the factors that influence the penetration factor of PM2.5 into indoor environments, and discuss how these factors vary for different building envelope materials.","Penetration factor is influenced by particle size, building envelope tightness, and the presence of filters. For example, well-sealed buildings with dense materials like concrete have lower penetration factors compared to older buildings with porous materials like wood.","PM2.5 penetration factor (P) into indoor air is mainly governed by (1) how much outdoor air reaches the indoor space (air exchange and pressure-driven flow), (2) how much PM is removed during transport through the envelope and air-handling pathways (deposition/filtration in cracks, ducts, and on surfaces), and (3) the particle’s physical/chemical behavior that controls deposition efficiency and re-entrainment.

**1) Outdoor-to-indoor airflow pathways (drives “effective” P)**
- **Mechanical ventilation rate and outdoor air fraction:** Higher outdoor air supply increases the amount of outdoor air (and particles) that enters, tending to increase P *if* filtration/duct losses are not dominant.
- **Infiltration via leakage (cracks, joints, window gaps):** Leakage can bypass filtration and deliver air directly; depending on leakage location and flow regime, it can raise P relative to well-sealed systems.
- **Indoor–outdoor pressure difference (wind, stack effect, HVAC operation):** Greater pressure-driven flow increases the fraction of outdoor air that penetrates; however, it can also increase turbulent transport and surface contact (which can increase losses).
- **Air recirculation vs. true outdoor air:** Recirculated air does not increase penetration from outdoors; it mainly affects indoor concentration via filtration and removal.

**2) Losses during transport (reduces P)**
- **Deposition to surfaces in the envelope and ducts:** As air moves through cracks, vents, and ductwork, PM can deposit by **impaction** (more relevant for larger particles), **interception**, and especially **diffusion** (more relevant for ultrafine, but still contributes for PM2.5). Deposition increases with:
  - longer residence time / slower flow,
  - more surface area and bends/roughness,
  - higher humidity and particle stickiness (often increases adherence),
  - higher particle hygroscopic growth (can increase effective size and deposition).
- **Filtration in HVAC outdoor-air intakes:** Filters reduce penetration strongly; the effective P becomes the product of (a) filter penetration efficiency and (b) any additional envelope/duct losses.
- **Grille/vent geometry and duct design:** Tight turns, long runs, and rough internal surfaces increase deposition losses, lowering P.

**3) Particle properties (controls deposition efficiency and “effective” P)**
- **Size distribution within PM2.5:** Penetration is not uniform across PM2.5; deposition losses are generally higher for the larger en",3,5
JC-148,"List three major determinants of the indoor/outdoor (I/O) ratio of PM2.5 in residential buildings, and briefly explain the mechanism of each.",Air exchange rate (AER); penetration factor (P); indoor sources and deposition rate (k).,"Three major determinants of the indoor/outdoor (I/O) ratio of PM₂.₅ in residential buildings are:

1. **Air Exchange Rate (AER)** – AER governs how rapidly outdoor air infiltrates the building envelope. A higher AER increases the transport of outdoor PM₂.₅ indoors, raising the I/O ratio toward the penetration factor (P), whereas a very low AER minimizes outdoor infiltration, making indoor sources more dominant.

2. **Penetration Factor (P)** – This is the fraction of ambient PM₂.₅ that actually enters the building through cracks, gaps, and openings (rather than being filtered out by the building envelope). A low P (e.g., due to tight construction or high-efficiency HVAC filtration) reduces outdoor-to-indoor transport, lowering the I/O ratio.

3. **Indoor Deposition Rate (k_dep)** – PM₂.₅ deposits onto indoor surfaces through mechanisms such as Brownian diffusion, gravitational settling, and thermophoresis. A higher deposition rate (e.g., due to large surface area, rough surfaces, or active air cleaners) removes particles from the indoor air, reducing the I/O ratio. These three factors combine in the steady-state mass balance: I/O = (P·AER) / (AER + k_dep) when there is no indoor source",4,4
JC-149,Why is the WHO AQG for daily SO₂ exposure set at 40 µg/m³ in 2021?,"The guideline reflects evidence on the short-term respiratory effects of SO₂ exposure, including asthma exacerbation, even at low concentrations.","The WHO AQG for daily (24-hour) SO₂ exposure is set at **40 µg/m³** in 2021 because it corresponds to a **health-based concentration level derived from epidemiological and toxicological evidence** where **adverse respiratory effects (especially in susceptible groups such as people with asthma/COPD)** are minimized. WHO then selects a value that is **protective enough for population health** while also being **practically achievable as an air-quality target**, using a **24-hour averaging time** to reflect the typical duration of SO₂ episodes associated with health impacts",4,4
JC-150,Discuss how age-specific inhalation rates provided in the EPA Exposure Factors Handbook can impact risk assessments for airborne pollutants in children versus adults.,"Age-specific inhalation rates acknowledge that children breathe more air relative to their body weight compared to adults, which can increase their exposure to airborne pollutants. This factor is critical when assessing health risks in vulnerable populations like children.","EPA Exposure Factors Handbook age-specific inhalation rates matter because inhaled dose is partly driven by how much air a person breathes, and children’s rates differ from adults by life stage and activity. Even when children may inhale fewer total cubic meters per day than adults, their much lower body weight often makes the dose per kg higher, which can increase estimated noncancer hazard and lifetime risk for the same air concentration. 

In practice, using child-specific rates can substantially change risk estimates for pollutants like PM, benzene, or formaldehyde, especially for infants and young children who also have developing lungs, different time-activity patterns, and potentially greater biological susceptibility. If assessors use only adult default values, they may under- or mischaracterize risk for children",5,5
JC-151,Discuss the potential biases introduced by using population-average time-activity patterns in exposure models. How can individual-level trajectory data improve model accuracy?,"Population averages ignore individual variability, leading to misclassification of exposure for outliers. Individual trajectory data can capture specific behaviors and environments, improving model precision but requiring more data processing.","Population-average time-activity patterns can bias exposure models by smoothing over real differences in where people spend time, when they travel, and which microenvironments they enter. That can cause exposure misclassification, obscure high-end or vulnerable subgroups, attenuate exposure-response relationships, and miss short-term peaks from commuting, work tasks, or indoor sources. Individual-level trajectory data improves accuracy by assigning exposures based on actual locations and times, capturing personal mobility and microenvironment transitions, and better resolving spatial and temporal variability—though it also requires careful handling of privacy, missing data, and measurement error",5,5
JC-152,How does the EPA Exposure Factors Handbook incorporate gender-specific differences in body weight into exposure assessments?,The EFH provides gender-specific body weight data to account for biological differences in weight distribution between males and females. This differentiation improves the precision of dose calculations in exposure modeling.,"** The EPA Exposure Factors Handbook (EFH 2011, Chapter 8) provides gender-specific body weight defaults for adults: males at 86.4 kg, females at 73.9 kg, and a combined default of 80 kg. In exposure assessment, these values are used as the denominator in dose calculations (e.g., intake dose = C×IR×ET ÷ BW in mg/kg-d). Because body weight differs by sex, the same absolute exposure (µg/day) yields a ~17% higher dose on a per-body-weight basis for females than for males, which can affect both non-cancer hazard quotient calculations and cancer slope factor risk estimates when gender-specific populations are assessed rather than using the combined default. For children, the EFH provides age-group defaults without sex stratification (e.g., 18.6 kg for ages 3–6), as prepubertal body weight differences are minimal",4,5
JC-153,"For a room with V=40 m³, S=200 µg/h, AER=0.7/h, k=0.2/h, and no outdoor sources, calculate the steady-state indoor PM2.5 concentration.",C_in = (200/40)/(0.7+0.2) = 5/0.9 = 5.56 µg/m³,5.56 µg/m³,5,5
JC-154,"Given outdoor PM2.5 of 50 µg/m³, AER=0.8/h, P=0.9, k=0.2/h, indoor source S=400 µg/h, room V=60 m³, calculate the steady-state indoor PM2.5 concentration.",C_in = (0.9*0.8*50 + 400/60)/(0.8+0.2) = (36 + 6.67)/1.0 = 42.67 µg/m³,42.7 µg/m³,5,5
JC-155,Describe how GPS trajectory data can be combined with real-time air quality sensor data to improve estimates of personal exposure to air pollutants during commuting.,"GPS trajectory data provides spatial and temporal information about an individual's movement, allowing the identification of microenvironments (e.g., transit, outdoors). Real-time air quality sensors capture pollutant levels in these microenvironments. By integrating the two datasets, exposure estimates can account for dynamic variations in pollutant concentrations and time spent in different locations, leading to a more accurate time-weighted average exposure.","GPS trajectory data can be combined with real-time air-quality sensor data by (1) **map-matching** the GPS points to the road network to infer the exact route and travel segments, (2) **time-aligning** the trajectory with sensor timestamps (and interpolating sensor concentrations to the exact times/locations along the route), and (3) **classifying microenvironments** along the commute (e.g., in-vehicle vs on-foot, near-road vs away from traffic, intersections/stop-and-go vs cruising) so that different exposure dynamics apply.

Practically, you then compute **segment-level personal exposure** by using a transport model that converts ambient concentrations to inhaled concentrations for each segment, accounting for **infiltration/penetration** into the vehicle or indoor-like microenvironment, **ventilation/air exchange**, and (for particles) **deposition** in the respiratory tract. Finally, you **aggregate** across all segments to get a time-weighted exposure metric (e.g., average concentration, dose, or cumulative exposure) and improve reliability by **uncertainty quantification** (sensor error, GPS jitter, penetration variability) and **validation** against reference monitors or occasional personal sampler measurements",5,5
JC-156,Explain the role of time-activity diaries in validating GPS-based microenvironment classifications for exposure assessment.,"Time-activity diaries provide self-reported data on an individual's location and activities, which can be compared with GPS-derived classifications to verify accuracy. They help identify errors or gaps in GPS data, such as misclassified locations or missing time periods.","Time-activity diaries provide ground-truth context for exposure assessment by recording where and when participants actually spend time (e.g., home, workplace, commuting, outdoors), including activities that GPS alone may misclassify (indoors vs outdoors, short stops, being in a vehicle vs walking). They help validate GPS-based microenvironment classifications by (1) checking alignment between diary-labeled locations/times and the GPS-inferred segments, (2) quantifying misclassification rates and systematic biases (e.g., GPS drift near buildings, time spent in transit not captured well), and (3) refining or calibrating the mapping rules (e.g., thresholds for “indoors,” “vehicle,” or “outdoors” based on observed behavior).

They also improve exposure estimates by enabling time-weighting of microenvironment concentrations and by capturing key modifiers that affect exposure even when location is similar (ventilation status, window open/closed, cooking, time spent near sources). Limitations include recall bias, incomplete diaries, and diary–GPS time synchronization errors; therefore, diaries are typically used for validation/calibration rather than as a perfect substitute for continuous GPS",5,5
JC-157,How does the EPA Exposure Factors Handbook incorporate age-specific skin surface area data into dermal exposure assessments?,"The handbook provides age-specific skin surface area estimates based on body weight and height, recognizing that children have proportionally larger surface areas relative to their body mass. This data is crucial for dermal exposure assessments as it determines the extent of pollutant contact, especially for substances that interact directly with the skin.","The EPA Exposure Factors Handbook (EFH) provides **age-specific default skin surface area (SSA)** values (e.g., for infants, children, and adults) that are used as the **dermal contact area** in exposure/dose calculations. In practice, EFH’s SSA is plugged into dermal dose equations as:

- **Dermal intake (mass/day)** ≈ **C × SA × AF × ABS × ET**  
  where **C** is the chemical concentration on the contacting medium (soil/water/air-deposited material), **SA** is the **age-specific skin surface area**, **AF** is the skin contact frequency/area fraction (if only part of the body is exposed), **ABS** is dermal absorption fraction, and **ET** is exposure time (duration).

EFH’s role is mainly to supply the **default SA by age group** (and related parameters like body weight and contact assumptions), so analysts can avoid using a single adult SSA for all ages and can better represent **children’s higher surface-area-to-body-mass ratios** in dermal risk assessments",5,5
JC-158,Why is time-weighted averaging (TWA) important in exposure assessments using GPS and wearable sensor data?,"TWA accounts for varying pollutant concentrations and time spent in different microenvironments, providing a composite exposure estimate over a specified duration. It ensures that exposure assessments reflect the individual's actual spatiotemporal activity patterns.","Time-weighted averaging is important because GPS and wearable sensors capture exposures that change a lot across places, activities, and short time intervals. TWA combines those varying measurements with the time spent in each microenvironment, giving a more realistic estimate of a person’s overall exposure than a simple average of readings",5,5
JC-159,Discuss how BenMAP software quantifies health impacts of air pollution exposure and the role of concentration-response functions in this process.,"BenMAP estimates health impacts by combining air pollution concentration data, population demographics, baseline health incidence rates, and concentration-response functions derived from epidemiological studies. These functions link pollutant levels to specific health outcomes.","**

BenMAP-CE (Environmental Benefits Mapping and Analysis Program) quantifies health impacts through a multi-step workflow: (1) users input air quality surfaces (e.g., modeled PM₂.₅ or O₃ concentrations under a baseline and a control scenario), population grids, and baseline health incidence rates; (2) the software applies concentration-response (C-R) functions — derived from epidemiological studies — that express the percent change in a health outcome per unit change in pollutant concentration (e.g., a log-linear coefficient β for mortality); (3) it calculates attributable health impacts using the general formula ΔHealth = Population × Baseline Rate × (1 − e^{−β × ΔC}) for log-linear functions, or simpler linear forms; and (4) optional economic valuation applies unit costs per health endpoint (e.g., value of a statistical life) to monetize benefits.

The C-R function is the quantitative engine of the entire analysis: it translates a physical change in air pollution (ΔC, often in µg/m³) into a predicted change in the probability or rate of a health endpoint (e.g., premature mortality, asthma exacerbations, hospital admissions). Critically, BenMAP allows users to select from a library of peer-reviewed C-R functions by pollutant, endpoint, population subgroup (age, disease status), and study — and to propagate uncertainty via Monte Carlo simulation over the function's confidence interval. Without the C-R function, there would be no empirical link between the air quality change and the health outcome; the function thus serves as the evidence-based bridge that makes the entire health impact assessment and benefits valuation possible",5,5
JC-160,What is the significance of the counterfactual or baseline exposure level in health impact assessments?,"The counterfactual exposure level represents the hypothetical level of exposure (e.g., the WHO air quality guideline) at which no or minimal health impacts are expected. It is significant because it serves as a reference point for estimating the additional health burden attributable to current exposure levels.",The counterfactual or baseline exposure is the reference level against which current exposure is compared to estimate attributable risk. It is crucial because it determines how much disease burden is counted as preventable; different baseline choices can substantially change health impact estimates and should be scientifically justified and clearly reported,5,5
JC-161,Discuss the limitations of using GPS-based trajectory data for personal exposure assessment in urban environments.,"Limitations include GPS signal loss in indoor environments or dense urban areas, lack of direct pollutant concentration measurements, and challenges in accurately classifying microenvironments or activities. Integration with air quality and activity datasets is required to overcome these challenges.","** GPS-based trajectory data for personal exposure assessment in urban environments faces several critical limitations. *Spatial accuracy issues* — urban canyons, multi-level infrastructure (subways, elevated walkways, high-rises), and signal multipath reflections degrade positional accuracy to 10–50 m, which can misclassify a person as being on a high-traffic street versus a parallel low-traffic alley or indoors versus outdoors. *Microenvironment misclassification* — GPS alone cannot distinguish whether a person is indoors, in-vehicle, or outdoors, yet these microenvironments have dramatically different pollutant concentrations and penetration factors (indoor/outdoor ratios); imputation algorithms add uncertainty. *Temporal resolution gaps* — frequent signal loss in tunnels, dense urban cores, or indoors creates missing data windows that must be gap-filled, potentially biasing time-activity patterns. *Missing covariates* — GPS provides location but not inhalation rate (which varies with activity level detected only via accelerometer), time-activity diaries, or proximity to local emission sources (e.g., a restaurant exhaust, a construction site) that high-resolution models require. *Exposure heterogeneity within the same GPS fix* — urban pollution gradients can vary sharply within a single city block (e.g., PM₂.₅ decay with distance from a roadway), so a point location without vertical or horizontal refinement introduces Berkson-like error. Altogether, these limitations mean that uncorrected GPS trajectories can introduce substantial exposure misclassification, biasing health effect estimates toward the null and reducing statistical power in epidemiologic studies",5,5
JC-162,Explain why the EPA Exposure Factors Handbook provides separate drinking water intake rates for different age groups.,"Drinking water intake rates vary significantly with age due to differences in body size, metabolic needs, and activity levels. Providing age-specific rates improves the accuracy of exposure assessments for sensitive populations, such as children and the elderly.","The EPA Exposure Factors Handbook provides separate drinking water intake rates because water consumption is not the same across life stages. Children, adolescents, and adults differ in body size, metabolic needs, diet, and daily behavior, so using age-specific rates makes exposure estimates more realistic. This improves risk assessment by better matching intake to the population being evaluated, especially for sensitive groups like infants and children",5,5
JC-163,How can GPS trajectory data be used to estimate an individual's exposure to air pollutants during their daily commute?,"GPS trajectory data provides spatial and temporal information that allows identification of the microenvironments visited during a commute, such as transit, outdoor, or indoor spaces. By combining GPS data with pollutant concentration measurements from monitoring stations or models, exposure levels for each microenvironment can be calculated. Time spent in each environment can then be used to determine a time-weighted average exposure.","GPS trajectory data can be split into commute microenvironments such as walking, driving, transit, and waiting, using location, speed, and stop patterns. Pollutant levels are then assigned to each segment from nearby monitors, exposure models, or portable sensors, and combined with the time spent in each segment to calculate a time-weighted personal exposure for the trip",5,5
JC-164,Discuss the implications of assuming constant exposure frequency and duration in risk assessment models.,"Assuming constant exposure frequency and duration simplifies modeling but may overlook variability in real-world scenarios, such as seasonal changes, occupational shifts, or behavioral differences. This can lead to over- or underestimation of risk, highlighting the need for adaptive models incorporating temporal dynamics.","Assuming constant exposure frequency and duration simplifies exposure characterization (e.g., treating a variable activity pattern as uniform over time), but it can misestimate both the *average dose* and the *peak-to-average* relationship that drives health risk.

- **Potential bias (direction depends on variability):** If real exposure is *bursty* (high during certain activities/times), using constant frequency/duration can **underestimate peak exposures** and sometimes **underestimate risk** for endpoints sensitive to short-term or threshold effects; conversely, if exposures are mostly low with occasional high periods, a constant assumption may **overestimate** time-averaged exposure for chronic endpoints.
- **Mismatch with toxicokinetics/dynamics:** Many models implicitly assume linearity and time-invariant kinetics. When biological response depends on **time since last exposure**, **accumulation**, or **repair/recovery**, constant exposure can distort the effective dose metric (e.g., over- or under-predicting cumulative burden).
- **Uncertainty is understated:** Constant assumptions reduce model complexity and can **narrow uncertainty bounds** even though real-world exposure patterns are highly variable (seasonality, commuting patterns, indoor occupancy, behavioral changes).
- **Misrepresentation of susceptible windows:** For developmental, reproductive, or other window-sensitive outcomes, constant duration/frequency can **miss critical periods** (e.g., pregnancy trimesters, early childhood) and thus misrepresent risk.

**When it’s more reasonable:** If exposure is genuinely stable (e.g., near-constant ambient concentrations with similar time-activity patterns) and the endpoint is driven mainly by long-term averages, constant frequency/duration may be an acceptable approximation.

**Mitigation approaches:** Use time-activity diaries, monitoring data with temporal resolution, or probabilistic models (e.g., distributions for frequency/duration). At minimum, conduct **sensitivity analyses** (low/medium/high frequency and duration scenarios) and, where relevant, include **short-term metrics** (peaks or higher percentiles) rather than relying solely on long-term averages",5,5
JC-165,How does the Global Burden of Disease (GBD) framework incorporate the concept of susceptible populations in its health impact assessments?,"The GBD framework incorporates susceptible populations by adjusting exposure-response relationships and baseline health data to account for groups like children, the elderly, and individuals with pre-existing conditions. These populations are more vulnerable to environmental hazards, which is reflected in higher relative risks or attributable fractions.","The GBD framework generally does not model “susceptible populations” as separate individual subgroups in its core burden estimates. Instead, it captures susceptibility implicitly through population-level relative risks, exposure-response functions, and attributable fractions, which reflect the average risk across the exposed population. In practice, this means groups with higher vulnerability are only represented if their higher risk is built into the underlying epidemiologic data or stratified analyses",3,3
JC-166,Discuss the limitations of using GPS-based trajectory data for personal exposure assessment in urban environments.,"Limitations include GPS signal loss in indoor environments or dense urban areas, lack of direct pollutant concentration measurements, and challenges in accurately classifying microenvironments or activities. Integration with air quality and activity datasets is required to overcome these challenges.","GPS-based trajectories are useful, but in cities they have important limits: signal error and dropout in “urban canyons,” indoors, and in transit can misclassify location; GPS also tells where someone is, not the pollutant concentration they actually inhale in specific microenvironments like homes, vehicles, or underground spaces. Exposure estimates can also be biased by coarse time resolution, battery-saving gaps, uncertain activity/ventilation, and mismatch between trajectory timing and air pollution surfaces, plus privacy concerns and participant noncompliance that affect data quality and representativeness",5,5
JC-167,Why is the elderly population (>65 years) often identified as susceptible in studies on air pollution health impacts?,"Elderly individuals are susceptible due to reduced physiological reserves, higher prevalence of chronic diseases, and diminished ability to recover from health insults. This makes them more prone to severe outcomes like cardiovascular and respiratory diseases from air pollution exposure.","Older adults are often considered susceptible because aging reduces physiologic reserve and immune/repair capacity, making the lungs and cardiovascular system less able to respond to pollution-induced inflammation and oxidative stress. They also have higher rates of chronic diseases, take more medications, and may experience greater consequences from a given exposure, so the same air pollution level can produce larger health effects in people over 65",5,5
JC-168,Why is time-weighted averaging (TWA) important in exposure assessments using GPS and wearable sensor data?,"TWA accounts for varying pollutant concentrations and time spent in different microenvironments, providing a composite exposure estimate over a specified duration. It ensures that exposure assessments reflect the individual's actual spatiotemporal activity patterns.","Time-weighted averaging (TWA) is critical in GPS and wearable sensor–based exposure assessments because people move through multiple microenvironments (home, work, transit, outdoors) with vastly different pollutant concentrations over the course of a day. Simply taking the mean of all sensor readings without accounting for duration spent in each microenvironment would misrepresent true cumulative exposure — a brief visit to a high-concentration area would be over- or under-weighted. TWA correctly integrates concentration × time spent in each microenvironment, producing a representative 24-hour or work-shift exposure metric that aligns with regulatory averaging periods (e.g., OSHA PELs, WHO AQG 24-hour windows) and enables more accurate dose and risk calculations by respecting the temporal resolution that GPS-wearable data streams provide",5,5
JC-169,Propose a method to validate GPS-based microenvironment classifications using independent environmental monitoring data.,"Validation can be done by comparing pollutant concentrations measured at GPS-detected locations with values from independent monitoring stations in those areas, ensuring consistency between classification and actual exposure.","Use a concurrent validation study: have participants carry a GPS logger plus an independent monitor suite that is sensitive to microenvironment changes, such as personal PM2.5/BC/NO2, temperature, humidity, noise, and accelerometry, while a subset also keeps a time-activity diary or wears a camera for ground truth. Synchronize all data streams, map GPS-derived labels (home, work, in-vehicle, outdoors, etc.) to the monitoring time series, and test whether each class shows the expected environmental signature and whether monitor-informed or diary-confirmed labels agree with the GPS classification using confusion matrices, sensitivity/specificity, kappa/F1, and transition-timing error.

To strengthen inference, validate on stratified samples across seasons, urban forms, and travel modes, and use predefined marker patterns such as sharp ultrafine/BC peaks for traffic, lower light and stable temperature indoors, and stronger wind/temperature variability outdoors. Include QA/QC for clock drift, GPS dropout, indoor signal loss, and misclassification near building edges, and manually audit discordant segments to refine the classification rules",5,5
JC-170,"What role does the EPA Exposure Factors Handbook play in evaluating the health risks associated with food ingestion, and why is age-specific data critical in this context?","The handbook provides detailed food ingestion rates for different age groups, which is critical for estimating dietary exposure to contaminants in food. Age-specific data are important because children, for example, eat more food relative to their body weight compared to adults, making them more vulnerable to foodborne contaminants.","The EPA Exposure Factors Handbook provides the default human exposure inputs used in food-ingestion risk assessments, such as food consumption rates, body weight, exposure frequency, and duration, so assessors can estimate dose consistently and transparently. Age-specific data are critical because diet patterns, intake per body weight, physiology, and vulnerability differ substantially across life stages; for example, children often eat more relative to their body weight and can receive higher doses from the same food contaminant concentration",5,5
JC-171,Why is particle size a critical factor in inhalation dose calculations?,"Particle size determines the likelihood of deposition in different regions of the respiratory tract, with larger particles more likely to deposit in the upper airways and smaller particles reaching deeper regions like the alveoli. This affects the dose delivered to specific respiratory regions.","Particle size is critical because it strongly controls where particles deposit in the respiratory tract and how much of the inhaled mass is retained versus exhaled. Smaller particles (e.g., PM2.5) can penetrate deeper into the bronchioles and alveolar region, increasing the fraction that deposits and remains available for absorption, while larger particles tend to deposit in the nose/throat or upper airways and may be cleared more quickly. As a result, particle size changes the effective inhaled dose (delivered/retained dose) and therefore the dose–response and risk estimates",5,5
JC-172,Why is the penetration factor for ozone typically lower than for PM2.5 in residential buildings?,"The penetration factor for ozone is typically lower than for PM2.5 because ozone is highly reactive and can be removed by chemical reactions with indoor surfaces and materials, while PM2.5 particles are less reactive and more likely to penetrate through building materials and gaps.","Ozone usually has a lower penetration factor because it is highly reactive and gets removed on building surfaces and in cracks as outdoor air enters the home. PM2.5 is much less chemically reactive, so a larger fraction survives infiltration through the building envelope, although some particles are still lost by deposition and filtration",5,5
JC-173,What is the significance of counterfactual exposure levels in health impact assessments (HIA)?,"Counterfactual exposure levels represent the baseline or ideal exposure scenario against which actual pollutant exposure is compared. They are crucial in HIA for estimating the excess health burden attributable to air pollution and identifying potential benefits of achieving lower pollutant levels, such as those recommended by guidelines like WHO AQGs.","Counterfactual exposure levels are the reference exposures used in HIA to represent the level at which no, minimal, or policy-relevant harm is assumed. They are crucial because the estimated attributable cases, deaths, or burden depend on comparing current exposure to this baseline—so the choice of counterfactual directly affects how much health impact is considered preventable or avoidable",5,5
JC-174,Why are blood lead levels commonly used as biomarkers for assessing lead exposure?,"Blood lead levels reflect recent exposure and the amount of lead circulating in the bloodstream, making them a direct measure of internal dose. They are widely used because they can be easily measured and correlate with health outcomes related to lead toxicity.","Blood lead levels are commonly used because lead circulates in blood after exposure, so blood is easy to sample and provides a standardized, well-validated measure of recent or ongoing exposure. Blood lead also correlates with health risk and has extensive clinical and public health reference data, though it reflects mainly recent exposure and can also be influenced by lead released from bone stores",5,5
JC-175,"Determine the indoor PM2.5 concentration after 2 hours if the initial concentration is 100 µg/m³, the outdoor concentration is 50 µg/m³, AER is 0.4 h⁻¹, and deposition rate is 0.1 h⁻¹.",C_t = C_ss + (C_0 - C_ss)·e^(-t/τ); τ = 1/(AER + k) = 1/(0.4+0.1) = 2 h; C_ss = (P·AER·C_out)/(AER + k) = 50; C_t = 50 + (100-50)·e^(-2/2) = 50 + 50·e^(-1) ≈ 68.2 µg/m³.,62.1 µg/m³,2,3
JC-176,Why does the EPA Exposure Factors Handbook provide separate inhalation rate recommendations for different age groups?,"The EPA Exposure Factors Handbook provides separate inhalation rate recommendations for different age groups because physiological differences, such as lung capacity and breathing frequency, vary significantly with age. Children, for instance, have higher inhalation rates per unit body weight compared to adults, making them more vulnerable to airborne contaminants. Age-specific data ensure more accurate exposure and risk assessments.","** The EPA Exposure Factors Handbook (EFH 2011) provides separate inhalation rate recommendations for different age groups because both **physiological** and **behavioral** factors vary substantially across the lifespan, and these differences directly affect the accuracy of exposure and dose estimates in risk assessment. Physiologically, infants and children have higher metabolic rates and oxygen demand per unit body weight, leading to higher **inhalation rates normalized to body mass** (e.g., ~0.4 m³/kg-day for a 1-year-old vs. ~0.2 m³/kg-day for an adult), which means they can receive a proportionally larger dose of airborne contaminants than adults at the same concentration. Behaviorally, children spend more time in vigorous activity (play) and have different time-activity patterns (more time outdoors, closer to the ground where dust resuspension occurs), further elevating their effective inhalation exposure. By stratifying rates by age (e.g., <1 year, 1–2, 3–6, 6–11, 11–16, 16–21, and adult), the EFH prevents **exposure misclassification** — using adult rates for children would systematically underestimate childhood risk, while using child rates for adults would overestimate it — ensuring the risk characterization is both health-protective and scientifically defensible",5,5
JC-177,How does the Multiple-Path Particle Dosimetry (MPPD) model improve upon simpler models in estimating particle deposition in the respiratory system?,"The MPPD model accounts for complex airflow patterns and anatomical differences within the respiratory tract, providing detailed predictions of particle deposition in different regions. It also considers factors like particle size, shape, and density.","The MPPD model improves on simpler respiratory deposition models by representing the lung as multiple anatomical regions and airway generations, so it can estimate where particles deposit, not just total deposition. It also accounts for particle size and properties, breathing pattern, age/species, and clearance mechanisms, making predictions more physiologically realistic and more useful for dose and risk assessment",4,4
JC-178,Propose a method to validate GPS-based microenvironment classifications using independent environmental monitoring data.,"Validation can be done by comparing pollutant concentrations measured at GPS-detected locations with values from independent monitoring stations in those areas, ensuring consistency between classification and actual exposure.","Use an independent monitoring dataset that is time-synchronized and spatially representative of the same locations the GPS track passes through, then compare expected environmental signatures by microenvironment class. For example, indoor segments should align with lower outdoor pollutant levels and weaker diurnal variability than roadside/outdoor segments, while vehicle segments should show traffic-related peaks; quantify agreement with confusion matrices, sensitivity/specificity, Cohen’s kappa, and mixed-effects models or ROC analysis against a manually annotated or sensor-based reference",4,4
JC-179,Why is the WHO AQG for daily SO₂ exposure set at 40 µg/m³ in 2021?,"The guideline reflects evidence on the short-term respiratory effects of SO₂ exposure, including asthma exacerbation, even at low concentrations.","** The WHO AQG 2021 set the 24-hour SO₂ guideline at 40 µg/m³ based on systematic reviews of short-term epidemiological studies showing that daily SO₂ concentrations are significantly associated with respiratory morbidity. Key evidence included (1) multi-city time-series studies demonstrating increased bronchodilator use and respiratory symptoms in asthmatic children at daily mean SO₂ levels near 50–60 µg/m³; (2) studies showing elevated risk of respiratory hospital admissions and emergency department visits for asthma at daily SO₂ levels below the previous 2005 guideline (20 µg/m³ 24-h was the 2005 value, but with a caveat that effects occurred at lower levels); and (3) controlled human exposure studies showing bronchoconstriction and reduced lung function in exercising asthmatics at 200–300 ppb (~520–780 µg/m³) for short exposures. The 2021 revision tightened the 24-hour guideline from 20 µg/m³ (2005) to 40 µg/m³ — actually this is a relaxation in absolute terms — but the WHO's 2005 guideline for 24-hour SO₂ was 20 µg/m³, and the 2021 update raised it to 40 µg/m³ because the 2005 value was based on a single-day, 10-minute peak guideline (500 µg/m³) with the 24-hour value derived as a backstop; the 2021 assessment concluded that the evidence supported a 24-hour mean of 40 µg/m³ as protective, noting that the major health risk from SO₂ arises from short-term peaks (minutes to hours) rather than daily averages, hence the introduction of a new **peak-season guideline of 1-minute SO₂ at 500 µg/m³** as the primary short-term standard, with the daily mean of 40 µg/m³ serving as a secondary safeguard",2,2
JC-180,Evaluate the trade-offs between self-reported time-activity diaries and wearable sensors for exposure assessment in epidemiological studies.,"Self-reports provide context and activity detail but are prone to recall bias. Wearable sensors offer objective data but may have accuracy, calibration, and participant compliance issues.","Self-reported time-activity diaries are inexpensive, scalable, and can capture context that sensors often miss, but they are prone to recall error, misclassification, and participant burden. Wearable sensors usually provide higher temporal resolution and less recall bias, but they can be costly, require calibration/data processing, may have compliance issues, and often lack contextual information. In epidemiological studies, the best choice depends on the exposure and study design; many studies benefit from combining both to balance accuracy and interpretability",5,5
JC-181,What is the role of the attributable fraction (AF) in health impact assessments of air pollution?,"The attributable fraction (AF) quantifies the proportion of a health outcome (e.g., mortality or morbidity) in a population that can be attributed to a specific exposure, such as air pollution. It is calculated using the relative risk and represents the burden of disease that could be prevented if the exposure were eliminated or reduced to a counterfactual level.","The attributable fraction (AF) is the proportion of disease cases or deaths in a population that can be attributed to air pollution exposure, assuming the association is causal. In health impact assessments, it converts an exposure-related relative risk into a usable fraction—commonly AF = (RR−1)/RR—and is then applied to baseline health event rates and population size to estimate the number of attributable cases, hospitalizations, or deaths",5,5
JC-182,Discuss the advantages and limitations of using blood lead levels as a biomarker for environmental lead exposure.,"Blood lead levels provide a direct measure of recent lead exposure and are useful for assessing immediate health risks. However, they do not reflect cumulative exposure or lead stored in bones, limiting their use for long-term exposure assessments.","Blood lead level is a useful biomarker because it is standardized, widely available, and reflects absorbed lead from all exposure routes, making it practical for screening and population surveillance. Its main limitation is that it primarily reflects relatively recent exposure and ongoing exchange with bone, so it does not distinguish exposure source well and may underestimate cumulative body burden, especially in people with substantial past exposure",5,5
JC-183,Explain why indoor PM2.5 concentrations are often lower than outdoor concentrations in buildings with effective HVAC filtration systems.,"Indoor PM2.5 concentrations are typically lower than outdoor levels in buildings with effective HVAC systems because filtration mechanisms remove a significant portion of particulate matter from the incoming air. Additionally, indoor sources of PM2.5 may be limited, and the air exchange rate helps dilute indoor pollutants with cleaner outdoor air.","Indoor PM2.5 is often lower than outdoors because HVAC systems continuously recirculate air through filters that remove particles before the air is returned indoors. In addition, some outdoor air is diluted by cleaner recirculated air, and particles also settle or deposit on indoor surfaces, further reducing indoor concentrations",4,4
JC-184,"How does the BenMAP tool estimate mortality and morbidity impacts of air pollution, and what are its critical inputs?","BenMAP estimates health impacts by applying exposure-response functions to population data and air pollution levels. Key inputs include baseline health incidence rates, population demographics, air quality data, and exposure-response coefficients. The tool models changes in health outcomes under various scenarios, allowing policymakers to assess the benefits of air quality interventions.","BenMAP estimates health impacts by combining modeled or measured air pollution concentrations with population data, baseline incidence/mortality rates, and concentration–response functions from epidemiologic studies to calculate attributable cases. It then monetizes or summarizes the results across space and time; critical inputs include pollutant concentrations, geographic grid/monitoring data, exposed population, baseline health rates, selected health endpoints, and the chosen C-R function and counterfactual concentration",5,5
JC-185,How does the Global Burden of Disease (GBD) framework incorporate exposure-response functions to estimate air pollution-related DALYs?,"The GBD framework uses exposure-response functions to model the relationship between air pollution levels and health outcomes, estimating relative risks for specific diseases. These estimates are combined with population exposure data and baseline disease rates to calculate DALYs, which sum years of life lost (YLL) and years lived with disability (YLD) due to air pollution.","The GBD framework estimates air pollution-related DALYs through a comparative risk assessment (CRA) approach. First, it uses **exposure-response (ER) functions** — principally the Integrated Exposure-Response (IER) model for PM₂.₅ (and more recently the GEMM or GBD-MAPS models for ambient PM₂.₅) — to derive the relative risk (RR) of each disease endpoint (ischemic heart disease, stroke, COPD, lung cancer, and lower respiratory infections) at a given exposure concentration relative to a **counterfactual theoretical minimum risk exposure level (TMREL)**, typically 2.4–5.9 µg/m³ for PM₂.₅. Second, the RR is used to compute the **population attributable fraction** (PAF) via PAF = ∫[p(x)·(RR(x)-1)/RR(x)] dx across the exposure distribution in the population. Third, **attributable deaths** are obtained by multiplying the PAF by the total deaths for each cause (from GBD cause-specific mortality estimates), and **years of life lost (YLL)** are derived by multiplying attributable deaths by standard life expectancy at age of death. **Years lived with disability (YLD)** are estimated by multiplying incident cases of nonfatal outcomes (e.g., COPD morbidity) by disease-specific disability weights. Finally, **DALYs = YLL + YLD** are summed across all air pollution-attributable disease outcomes, with uncertainty propagated through Monte Carlo simulation over the ER functions, exposure distributions, and baseline rates",4,4
JC-186,What is the role of penetration factor in determining indoor concentrations of outdoor air pollutants?,"The penetration factor quantifies the proportion of outdoor air pollutants that enter the indoor environment through openings such as windows, doors, and cracks. It depends on pollutant properties, building characteristics, and environmental factors, influencing indoor air quality directly.","The penetration factor, P, is the fraction of outdoor pollutant that penetrates the building envelope and remains available indoors. In the simple no-source, no-loss case, indoor concentration is approximately C_in = P × C_out; with deposition or other losses, P still scales the outdoor contribution but the indoor level is further reduced by those sinks",5,5
JC-187,Explain how the air exchange rate and deposition rate influence the indoor/outdoor ratio of ozone (O₃) in residential buildings.,"Higher air exchange rates increase the transport of outdoor ozone indoors, raising the I/O ratio. Deposition rates, on the other hand, reduce indoor ozone levels by promoting surface reactions, thereby lowering the I/O ratio.","O₃ is a highly reactive indoor gas, so its indoor concentration is controlled by (1) how much outdoor air enters the home (air exchange rate, **AER**) and (2) how quickly it is removed indoors by surfaces (**deposition rate**, often represented as **k_dep** in a first-order loss term).

In a simple steady-state indoor mass balance for a reactive gas with no indoor sources, the indoor/outdoor ratio is:
- **C_in / C_out = P · AER / (AER + k_dep)**  
  where **P** is the penetration factor (how much O₃ survives the building envelope to enter indoors).

**How AER influences the ratio**
- If **k_dep is fixed**, increasing **AER** increases **C_in / C_out** because more outdoor air (with O₃) replaces indoor air faster than O₃ can be removed by surfaces.
- In the limit **AER ≫ k_dep**, **C_in / C_out → P** (indoor tracks outdoor closely, reduced mainly by penetration).

**How deposition rate influences the ratio**
- If **AER is fixed**, increasing **k_dep** decreases **C_in / C_out** because O₃ is removed by reactions with indoor surfaces (and possibly indoor sinks) faster than it can accumulate from outdoor air.
- In the limit **k_dep ≫ AER**, **C_in / C_out → 0** (indoor O₃ stays much lower than outdoor).

**Limiting cases (intuitive summary)**
- **No deposition (k_dep = 0):** **C_in / C_out = P** (only ventilation/penetration matters).
- **Very high ventilation (AER → large):** **C_in / C_out ≈ P**.
- **Very strong indoor removal (k_dep → large):** **C_in / C_out → 0**.

So, in residential buildings, **higher ventilation tends to raise indoor O₃ relative to outdoor**, while **higher deposition/removal (more reactive surfaces, conditions that enhance sink strength) tends to suppress indoor O₃",5,5
JC-188,How can time-weighted average (TWA) exposure estimates account for varying activity intensities using GPS and wearable sensor data?,"TWA exposure estimates can incorporate activity intensities by using GPS data to determine time spent in specific locations and wearable sensors to infer activity levels, such as walking or running. By applying activity-specific inhalation rates to the time spent in each microenvironment, the TWA can more accurately reflect an individual's actual exposure.","Use GPS to segment a person’s day into locations/microenvironments and pair those time stamps with wearable data that indicate activity intensity, such as heart rate, accelerometry, or ventilation proxies. Then estimate exposure for each interval as concentration × time, optionally adjusting to inhaled dose by replacing time alone with intensity-specific inhalation rate, and compute the TWA as the sum over all intervals divided by total time. 

In practice, this means a high-exertion period in traffic can be weighted more heavily than a resting indoor period because the person is breathing more air per unit time, so GPS provides where/when exposure occurred and wearables provide how strongly to weight each interval physiologically",5,5
JC-189,Why is body weight stratified by age in the EPA Exposure Factors Handbook?,"Body weight is stratified by age in the EPA Exposure Factors Handbook to account for physiological differences that influence exposure, such as metabolic rates and body composition changes during growth and development.","Body weight is stratified by age in the EPA Exposure Factors Handbook because body size changes substantially as people grow, and those changes affect dose metrics that are normalized to body weight (e.g., mg/kg-day). Age also tracks differences in physiology and behavior (e.g., breathing rate, activity patterns, time spent indoors/outdoors), so using age-specific body weights helps produce more accurate, age-appropriate exposure and risk estimates rather than applying a single “average adult” value to children and infants",5,5
JC-190,How does real-time GPS data improve the accuracy of personal exposure assessments?,"Real-time GPS data provides precise tracking of location and movement, enabling dynamic classification of microenvironments and accurate calculation of exposure as individuals move through different pollutant zones.","Real-time GPS data improves personal exposure assessments by making the exposure estimate *time- and location-specific* rather than relying on broad assumptions about where someone is during the day. By matching each GPS timestamp to likely microenvironments (e.g., home, workplace, roadways, commuting routes) and local ambient conditions, it reduces exposure misclassification and better captures short-term changes in pollutant levels during travel and activities",5,5
JC-191,What biases might arise when comparing personal monitoring data to area monitoring data?,"Biases include spatial mismatch, differential time spent near sources, and variability in microenvironment concentrations. Personal monitoring may overestimate individual exposure compared to area averages.","Personal monitoring often captures the breathing-zone exposure across multiple microenvironments and activities, while area monitoring reflects a fixed location, so comparisons can be biased by spatial mismatch, time-activity differences, and proximity to short-term sources. Additional biases can come from instrument/calibration differences, different averaging times, sampler placement, use of PPE, and behavioral changes during monitoring, all of which can make personal measurements systematically higher or lower than area measurements",5,5
JC-192,How do food ingestion rates provided in the EPA Exposure Factors Handbook help in dietary exposure assessments?,"Food ingestion rates serve as a basis for estimating the intake of contaminants through diet. By stratifying rates by age, gender, and body weight, the EPA enables more accurate predictions of dietary exposure. For instance, children tend to consume more food relative to their body weight, increasing their potential intake of contaminants like pesticides.","Food ingestion rates in the EPA Exposure Factors Handbook (EFH) provide standardized, population-representative amounts of food consumed per day (by age group, and sometimes by sex/lifestage). In dietary exposure assessments, these rates are used to convert measured or modeled contaminant concentrations in foods (e.g., mg/kg in food) into an estimated daily intake (dose) by multiplying concentration by the relevant ingestion rate for each food category and summing across foods",4,4
JC-193,How does real-time GPS data improve the accuracy of personal exposure assessments?,"Real-time GPS data provides precise tracking of location and movement, enabling dynamic classification of microenvironments and accurate calculation of exposure as individuals move through different pollutant zones.","Real-time GPS data improves personal exposure assessments by pinpointing where a person actually is and how long they stay in each microenvironment, so exposure can be matched to location-specific pollutant levels instead of relying on broad averages. It also captures movement and time-activity patterns more accurately, reducing misclassification and improving estimates of cumulative exposure",5,5
JC-194,Why does the EPA Exposure Factors Handbook provide age-specific inhalation rates for exposure modeling?,"Age-specific inhalation rates are crucial because respiratory physiology changes significantly across different life stages. For example, children have higher ventilation rates per unit of body weight compared to adults, making them more susceptible to airborne contaminants.","The EPA Exposure Factors Handbook provides age-specific inhalation rates because breathing volume (and thus inhaled dose per unit time) changes substantially with body size, metabolism, and activity patterns across life stages. Using age-specific inhalation rates improves dose estimates for children vs. adults, which is critical for exposure modeling and health risk calculations since risk depends on the amount of pollutant inhaled relative to body weight and time spent in different microenvironments",4,5
JC-195,Discuss the role of air exchange rate and indoor surface area in determining the decay of indoor O₃ levels over time. Include the relevant equations.,"The decay of indoor O₃ is governed by AER and surface deposition. The decay rate constant (k) combines AER and deposition: k = AER + k_surface. Increased AER enhances outdoor O₃ inflow but also accelerates removal. Larger surface areas increase deposition, lowering O₃ levels.","** Ozone decays indoors via two parallel first-order loss pathways: (1) removal by air exchange that carries indoor O₃ outdoors, and (2) reactive deposition onto interior surfaces. The governing mass balance (assuming no indoor source) is:

\[
\frac{dC_{\text{in}}}{dt} = P \cdot \text{AER} \cdot C_{\text{out}} - (\text{AER} + k_{\text{dep}})\, C_{\text{in}}
\]

where AER is the air exchange rate (h⁻¹), \(P\) is the penetration factor (≈1 for O₃), and \(k_{\text{dep}}\) is the surface deposition rate constant (h⁻¹). The deposition term is \(k_{\text{dep}} = v_d \cdot (A/V)\), with \(v_d\) the deposition velocity (m/h) and \(A/V\) the surface-area-to-volume ratio (m⁻¹). In a batch decay scenario (e.g., after outdoor concentration drops to zero or a pulse-release experiment), the solution is:

\[
C_{\text{in}}(t) = C_{\text{in}}(0) \cdot e^{-(\text{AER} + k_{\text{dep}})\, t}
\]

Thus the total decay constant is \(\lambda = \text{AER} + v_d \cdot (A/V)\). **Air exchange rate** directly adds to the loss rate — a leakier building removes O₃ faster by dilution. **Indoor surface area** (specifically the \(A/V\) ratio) governs the deposition contribution: a room with more surface area per volume (e.g., furnished with carpets, drapes, and upholstery) has a larger \(k_{\text{dep}}\), accelerating O₃ decay relative to an empty room with the same AER. This interplay is why ozone decays much faster indoors than the air exchange rate alone would predict — surface uptake often dominates the total removal",5,5
JC-196,Discuss the potential biases introduced by using population-average time-activity patterns in exposure models. How can individual-level trajectory data improve model accuracy?,"Population averages ignore individual variability, leading to misclassification of exposure for outliers. Individual trajectory data can capture specific behaviors and environments, improving model precision but requiring more data processing.","Using population-average time-activity patterns can bias exposure estimates by masking real differences in where, when, and how long people are exposed; this can lead to exposure misclassification, attenuation of associations, and biased risk estimates for subgroups with atypical routines. Individual-level trajectory data improve accuracy by capturing personal mobility, microenvironment transitions, and time spent in different settings, allowing models to better match actual exposure profiles and reduce uncertainty",5,5
JC-197,Discuss the limitations of using GPS-based trajectory data for personal exposure assessment in urban environments.,"Limitations include GPS signal loss in indoor environments or dense urban areas, lack of direct pollutant concentration measurements, and challenges in accurately classifying microenvironments or activities. Integration with air quality and activity datasets is required to overcome these challenges.","GPS-based trajectory data are useful for estimating where people move, but they have important limitations for personal exposure assessment in urban environments. They often miss indoor microenvironments, where people spend much of their time and where exposures can differ greatly from outdoor levels; they also have location error from signal loss, urban canyon effects, and coarse sampling intervals that can blur short trips and near-roadway peaks. As a result, GPS trajectories can lead to exposure misclassification unless they are combined with time-activity data, indoor/outdoor information, and pollutant-specific models",4,4
JC-198,Explain how GPS trajectory data can be used to classify microenvironments for personal exposure assessment.,"GPS trajectory data provides spatial and temporal information that can be mapped to land-use categories or known locations (e.g., home, workplace, transit routes). By analyzing dwell times and movement patterns, researchers can classify microenvironments such as indoors, outdoors, or commuting.","GPS trajectory data enables microenvironment classification for personal exposure assessment through a multi-step workflow. First, raw GPS coordinates (latitude, longitude, timestamps) are cleaned and segmented into ""episodes"" — periods where a person remains in a consistent location or activity state based on speed, acceleration, and dwell time (e.g., stationary points >5 minutes indicate indoor/office/residence; high-speed segments indicate in-vehicle travel). These episodes are then spatially joined against georeferenced land-use, building footprint, or point-of-interest databases to assign microenvironment labels such as ""residence,"" ""office/school,"" ""roadway/transit,"" or ""outdoor recreational."" More advanced approaches apply machine learning classifiers (random forest, hidden Markov models) trained on speed, satellite signal quality, and proximity features to distinguish indoor from outdoor microenvironments — critical because exposure concentrations (e.g., PM₂.₅ infiltration, indoor sources) differ sharply by microenvironment. The resulting time-activity diary, weighted by each microenvironment's duration, is then combined with microenvironment-specific pollutant concentrations or infiltration factors (e.g., \(C_{\text{in}} = P \cdot C_{\text{out}}\)) to compute time-integrated personal exposure, vastly improving accuracy over using a single outdoor monitor",5,5
JC-199,What are the challenges in applying age-specific parameters in lifetime average daily dose (LADD) calculations?,"Age-specific parameters account for differences in inhalation rate, body weight, and activity patterns across life stages. Challenges include obtaining accurate data, integrating variable exposure scenarios, and ensuring consistency in averaging time. These factors introduce complexity in lifetime dose estimation.","Key challenges are choosing appropriate age bins and exposure factors, then integrating them consistently over time as body weight, intake rates, behaviors, and microenvironments change across life stages. Additional difficulties include limited age-specific data, mismatched averaging times and units, handling transitions between life stages without double-counting or gaps, and deciding whether early-life exposures should be weighted differently for carcinogenic or other age-sensitive effects",5,5
JC-200,What are the advantages of using real-time GPS tracking in personal exposure studies compared to static location tracking?,"Real-time GPS tracking captures dynamic movement patterns, allowing for a more granular analysis of exposure variability over time and across different microenvironments. Unlike static tracking, it enables the identification of transient high-exposure events, such as passing through heavily polluted areas during commutes.","Real-time GPS tracking provides time-resolved, high-resolution information on where a participant actually is (and when), capturing movement between microenvironments (home, work, commuting, errands) rather than assuming they stay at fixed locations. This reduces exposure misclassification by aligning exposure measurements (e.g., air pollutant concentrations) with the participant’s true spatial-temporal activity patterns, improving estimates of personal exposure and enabling analysis of route- and time-specific exposures (e.g., near-roadway or indoor/outdoor transitions)",5,5
JC-201,Why are pregnant women considered a susceptible population group in air pollution health impact assessments?,"Pregnant women are considered susceptible because air pollution exposure can harm fetal development, leading to outcomes such as low birth weight, preterm birth, and developmental delays. Physiological changes during pregnancy also increase vulnerability.","Pregnant women are considered a susceptible population group because pregnancy can change physiology (e.g., increased ventilation and altered cardiovascular/immune function), which can increase internal dose and vulnerability to toxic effects from air pollutants. In addition, exposure during critical windows of fetal development can lead to outcomes that are not only maternal but also developmental (e.g., impaired placental function, preterm birth, and adverse birth outcomes), making the fetus effectively more sensitive to certain exposures",5,5
JC-202,Why is it important to consider confidence intervals (CI) when interpreting RR values in epidemiological studies?,"Confidence intervals provide a range of plausible values for the RR, reflecting the precision of the estimate and the level of uncertainty. They help assess statistical significance and the reliability of the observed association.","Confidence intervals are important because an RR alone gives only a point estimate, while the CI shows how precise and uncertain that estimate is. A narrow CI suggests more precision, a wide CI suggests less precision, and if the CI includes 1.0, the data are compatible with no association at that confidence level",5,5
JC-203,Why is the penetration factor for ozone typically lower than for PM2.5 in residential buildings?,"The penetration factor for ozone is typically lower than for PM2.5 because ozone is highly reactive and can be removed by chemical reactions with indoor surfaces and materials, while PM2.5 particles are less reactive and more likely to penetrate through building materials and gaps.","Ozone penetration is typically lower than PM2.5 because ozone is highly reactive and is rapidly consumed at indoor surfaces (e.g., by reactions with indoor materials, dust, and especially with surfaces containing unsaturated compounds), so its indoor concentration drops quickly after entry. PM2.5, in contrast, is largely nonreactive and can persist once it enters; its indoor removal is dominated more by physical processes like filtration/ventilation and deposition, which are often slower than ozone’s surface-driven chemical loss",5,5
JC-204,Why is time-weighted averaging (TWA) important for calculating exposure using GPS trajectory data?,"TWA integrates the pollutant concentration from various microenvironments over time, providing an overall exposure estimate. GPS trajectory data helps determine the time spent in each microenvironment, which is essential for accurate TWA calculation.","** Time-weighted averaging (TWA) is essential when using GPS trajectory data because individuals move through multiple microenvironments (e.g., indoors near a roadway, outdoors in a park, inside a vehicle) where pollutant concentrations can differ dramatically. GPS data provides the duration spent in each microenvironment, and TWA calculates the true integrated exposure as the sum of (concentration × time) across all segments divided by total time. Without TWA, assuming a single constant concentration would grossly misrepresent actual inhaled dose, leading to biased risk estimates in health assessments",5,5
JC-205,What biases might arise when estimating DALYs for PM2.5-attributable diseases if disability weights are not representative of the affected population?,Biases include over- or underestimation of the disease burden if disability weights do not capture variations in disease severity or cultural perceptions of health states. This may distort prioritization of interventions.,"When disability weights (DWs) used in DALY estimation are not representative of the affected population, several systematic biases emerge that can mischaracterize the true burden of PM₂.₅-attributable diseases (IHD, stroke, COPD, LC, LRI). **First, cultural valuation bias** arises because DWs are typically elicited from convenience samples in high-income countries (e.g., via the Global Burden of Disease protocol's discrete-choice experiments), and these valuations may not reflect how communities with different cultural norms, religious beliefs, or social support structures perceive the same health state—for example, a moderate COPD health state might be weighted lower (less disabling) in a population that expects respiratory limitation as ""normal"" aging, masking the true subjective burden. **Second, socioeconomic gradient bias** occurs because PM₂.₅-attributable diseases disproportionately affect lower-income populations, yet DWs derived from healthier, wealthier groups may undervalue the compounded hardship of living with a chronic condition under material deprivation (e.g., limited healthcare access), leading to underestimated YLD in exactly the populations that bear the heaviest exposure burden. **Third, age structure mismatch** matters because PM₂.₅ impacts both older adults (IHD/stroke) and young children (LRI), but DWs are often anchored to adult health-state descriptions; a child's pneumonia DW derived from adult valuations may not capture the lifetime developmental consequences, biasing YLD downward. Finally, **comorbidity interaction bias** arises because populations heavily exposed to PM₂.₅ often have high baseline rates of other diseases (e.g., hypertension, diabetes), yet standard DALY calculations treat each disease independently—DW non-representativeness compounds this by not capturing the multiplicative disability of multimorbidity. The net effect is that burden estimates can be systematically biased downward in the most affected populations, distorting priority-setting for air quality interventions",4,4
JC-206,Discuss the role of air exchange rate and deposition rate in controlling indoor O₃ levels and their implications for health.,"Air exchange rate (AER) determines the influx of outdoor O₃ into indoor spaces. Higher AER increases indoor O₃ levels if outdoor concentrations are high. Deposition rate (k) refers to the loss of O₃ due to reactions with surfaces. Higher deposition rates reduce indoor O₃ levels. Balancing AER and k is critical in optimizing indoor air quality and minimizing health risks associated with O₃ exposure, such as respiratory irritation.","** Indoor ozone (O₃) levels are governed by the steady-state mass balance:  
C<sub>in</sub> = (P·AER·C<sub>out</sub> + S/V) / (AER + k<sub>dep</sub>).  

**Role of AER and k<sub>dep</sub>:**  
- **Air exchange rate (AER)** transports outdoor O₃ indoors (source term: P·AER·C<sub>out</sub>) while simultaneously serving as a loss mechanism via ventilation dilution. At low AER, outdoor O₃ ingress is limited, reducing indoor concentrations; at high AER, indoor levels approach outdoor levels (times penetration factor P), increasing occupant exposure.  
- **Deposition rate (k<sub>dep</sub>)** is the irreversible removal of O₃ onto indoor surfaces (walls, floors, furnishings). Higher deposition (e.g., via activated carbon filters, reactive wall coatings, or higher surface-area-to-volume ratios) lowers the steady-state indoor O₃ concentration directly. k<sub>dep</sub> acts as a purely beneficial loss term — it removes O₃ without bringing in outdoor pollution.  

**Health implications — the trade-off:**  
Reducing AER lowers O₃ ingress but also reduces dilution of indoor-emitted pollutants (CO₂, VOCs, PM from cooking, bioeffluents), potentially worsening IAQ in other ways. Conversely, increasing AER brings in more outdoor O₃ (and co-pollutants like PM₂.₅) unless the outdoor air is filtered. **Deposition-based removal** (e.g., photocatalytic oxidation, activated carbon filtration, or reactive building materials) is the preferred strategy: it selectively destroys O₃ indoors without compromising ventilation, providing a ""decoupled"" solution that lowers O₃ exposure while maintaining healthy AER for CO₂ and VOC dilution. This is particularly important because O₃ reacts with indoor terpenes to form secondary organic aerosols and carbonyls (e.g., formaldehyde), so reducing indoor O₃ via deposition also mitigates secondary pollution. In practice, WHO AQG 2021 recommends keeping 8‑h O₃ below 100 µg/m³, and a combination of moderate AER with high-efficiency filtration (P → 0 for O₃) is the most health-protective strategy",4,3
JC-207,How does particle size influence inhalation dose calculations in the ICRP respiratory tract model?,"Particle size affects deposition efficiency and location within the respiratory tract. Smaller particles (<0.1 μm) deposit in the alveolar region via diffusion, while larger particles (>1 μm) are captured in the upper airways by impaction and sedimentation, altering cumulative dose calculations.","In the ICRP respiratory tract model, particle size mainly controls where inhaled particles deposit, so it changes the deposited dose to the head airways, tracheobronchial region, and alveolar region. Large particles tend to deposit in the nose/throat by impaction, very small particles can reach deep lung and deposit by diffusion, and intermediate sizes often have lower total deposition and penetrate farther; thus inhalation dose calculations use size-specific deposition fractions rather than just the airborne concentration inhaled",5,5
JC-208,Discuss the role of air exchange rate and deposition rate in controlling indoor O₃ levels and their implications for health.,"Air exchange rate (AER) determines the influx of outdoor O₃ into indoor spaces. Higher AER increases indoor O₃ levels if outdoor concentrations are high. Deposition rate (k) refers to the loss of O₃ due to reactions with surfaces. Higher deposition rates reduce indoor O₃ levels. Balancing AER and k is critical in optimizing indoor air quality and minimizing health risks associated with O₃ exposure, such as respiratory irritation.","Indoor O₃ is largely controlled by the balance between entry from outdoors and removal indoors. In a simple steady-state model, indoor concentration depends on outdoor O₃, penetration, air exchange rate (AER), and the indoor deposition/loss rate: higher AER usually brings in more outdoor ozone, while higher deposition rate removes ozone faster by reactions with walls, furnishings, and indoor surfaces, lowering indoor levels. Because ozone is a strong respiratory irritant, buildings with high ventilation and low indoor loss can increase occupant exposure, whereas strong indoor removal can reduce O₃ itself but may generate reactive byproducts that also have health relevance",5,5
JC-209,How does the Global Burden of Disease (GBD) framework incorporate the concept of susceptible populations in its health impact assessments?,"The GBD framework incorporates susceptible populations by adjusting exposure-response relationships and baseline health data to account for groups like children, the elderly, and individuals with pre-existing conditions. These populations are more vulnerable to environmental hazards, which is reflected in higher relative risks or attributable fractions.","GBD incorporates “susceptible populations” primarily through **stratification and effect heterogeneity**, not by applying a single susceptible fraction. It models health impact by breaking populations into **age and sex groups** (and often additional strata like location, time, and sometimes socioeconomic/other dimensions), then applying **age/sex-specific baseline risks and relative risks** for exposures.

Practically, susceptibility is reflected when:
- **Baseline incidence/prevalence differs by age/sex** (e.g., children vs adults have different underlying risk).
- **Exposure is distributed across groups** (different exposure levels by demographic and setting).
- **Relative risk (RR) can vary by group** (effect modification), so the same exposure can produce different health impacts depending on vulnerability.

The result is that attributable burden is computed as a function of **group-specific RR and baseline rates**, yielding higher impact in groups that are more vulnerable—i.e., “susceptible populations”—within the GBD modeling framework",5,5
JC-210,How does particle size influence inhalation dose calculations in the ICRP respiratory tract model?,"Particle size affects deposition efficiency and location within the respiratory tract. Smaller particles (<0.1 μm) deposit in the alveolar region via diffusion, while larger particles (>1 μm) are captured in the upper airways by impaction and sedimentation, altering cumulative dose calculations.","Particle size changes inhalation dose in the ICRP respiratory tract model because it determines the **fraction of inhaled aerosol that deposits** in each respiratory region (head/throat, tracheobronchial (TB), and alveolar) via particle-size–dependent physical processes (mainly **inertial impaction** for larger particles, **sedimentation** for intermediate sizes, and **diffusion** for ultrafine particles).  

In practice, dose is computed by taking the inhaled air volume (from breathing rate and exposure duration) and multiplying by the **deposition fraction** for the particle size in each region:  
- **Mass deposited in region r** ∝ \( C \times IR \times ET \times f_{\text{dep},r}(d_p) \)  
where \(f_{\text{dep},r}(d_p)\) is the ICRP/MPPD deposition fraction as a function of particle diameter \(d_p\).  

So, for the same ambient concentration and breathing pattern, **smaller particles (especially ultrafine)** tend to have higher deposition in the **alveolar** region due to diffusion, while **larger particles** deposit more in the **head/TB** regions due to impaction; this shifts where dose is deposited and changes the total deposited dose accordingly",5,5
JC-211,Discuss the implications of assuming constant exposure frequency and duration in risk assessment models.,"Assuming constant exposure frequency and duration simplifies modeling but may overlook variability in real-world scenarios, such as seasonal changes, occupational shifts, or behavioral differences. This can lead to over- or underestimation of risk, highlighting the need for adaptive models incorporating temporal dynamics.","** Assuming constant exposure frequency and duration in risk assessment models (e.g., lifetime average daily dose or hazard quotient calculations) introduces a uniformity that masks realistic temporal variability in human behavior, microenvironment occupancy, and episodic high-exposure events. This can systematically underestimate risk for sensitive subpopulations (e.g., children with seasonal outdoor play patterns, workers in intermittent industrial zones) who experience non-average exposure windows, and it fails to capture acute hazard scenarios where peak short-term doses drive toxicity rather than long-term averages. Consequently, while the constant assumption simplifies regulatory screening and is protective for chronic endpoints under steady-state conditions, it can obscure important exposure gradients, reduce the resolution of cumulative risk assessments, and mischaracterize risks for chemicals with short biological half-lives or threshold effects — underscoring the need for probabilistic or scenario-specific approaches in refined tiers of assessment",3,5
JC-212,Propose a method to validate GPS-based microenvironment classifications using independent environmental monitoring data.,"Validation can be done by comparing pollutant concentrations measured at GPS-detected locations with values from independent monitoring stations in those areas, ensuring consistency between classification and actual exposure.","A practical method is to run a “GPS-label vs. independently measured exposure” validation study in which each GPS-derived microenvironment class (e.g., indoor home, indoor non-home, outdoor, vehicle) is treated as a hypothesis and tested against independent environmental measurements collected concurrently.

1) Collect independent monitoring data aligned to GPS time
- Ambient monitors (fixed outdoor): PM2.5/PM10, NO2, O3, CO (and optionally meteorology).
- Indoor/outdoor pairs: at a subset of residences/workplaces, deploy co-located indoor and outdoor sensors (or use building-integrated monitors) to estimate indoor penetration/indoor generation signatures.
- Personal microenvironment sensors (golder-than-fixed): wearable/portable monitors carried by participants (or a subset) that can detect rapid transitions and distinguish “in-vehicle” vs “outdoor/indoor” via temporal patterns and concentration levels.
- Time alignment: resample all data to a common interval (e.g., 1–5 min) and align to GPS timestamps; define a matching window (e.g., ±2–5 min) to account for GPS lag.

2) Define class-specific “signatures” using independent measurements
For each GPS class, pre-specify expected measurement behavior:
- Outdoor: concentrations track ambient monitor trends with minimal lag; low indoor/outdoor ratio.
- Indoor (no strong indoor sources): indoor ≈ P × outdoor (steady-state or slowly varying), with P estimated from indoor/outdoor pairs.
- Indoor (with sources): indoor shows sustained elevation relative to outdoor (source-driven deviations) beyond what penetration alone predicts.
- Vehicle: typically shows sharp concentration changes during travel segments and distinct variability compared with outdoor fixed sites (often higher penetration and short residence times).

3) Quantify validation accuracy with multiple metrics
- Confusion matrix at the chosen time resolution (per time bin): compute overall accuracy and class-wise precision/recall.
- Sensitivity/specificity per class: e.g., sensitivity for “vehicle” = fraction of time bins truly in-vehicle (as indicated by personal sensor patterns or vehicle-mounted reference) that GPS correctly labels.
- Agreement beyond chance: Cohen’s kappa (or weighted kappa if classes have an order/structure).
- Exposure-relevant validation: compare GPS-labeled time fractions to independently estimated exposure metrics (e.g., time-weighted average concentrations, or integrated dose proxies) and report bias and RMSE.

4) Calibrate an",5,5
JC-213,Under what conditions might the default US EPA exposure factors fail when applied to populations in other countries? Provide specific examples.,"US EPA defaults may fail when cultural practices, climate, or population-specific physiological factors differ significantly. For example, water ingestion rates may be underestimated in arid regions where hydration needs are higher, or soil ingestion rates may be inaccurate in regions with high pica prevalence. Additionally, time-activity patterns (e.g., time spent indoors versus outdoors) can vary due to occupational or lifestyle differences.","** The default US EPA Exposure Factors Handbook (EFH 2011) values can fail when applied to non-US populations primarily due to differences in **body size/composition**, **time-activity patterns**, **housing/building stock**, and **diet/soil ingestion**. Specific examples include:

1. **Body weight and inhalation rates** — EPA adult defaults (male 86.4 kg, female 73.9 kg; inhalation ~16 m³/day) overestimate body size for populations in South Asia, Southeast Asia, and parts of Africa where average adult weight is 50–65 kg. This leads to underestimation of weight-normalized dose (mg/kg-day) by 25–40%, falsely indicating lower risk. Conversely, the EPA's moderate-activity inhalation rate (2.5 m³/h) may underestimate exposure in populations that rely on biomass cooking over open fires for 3–5 h/day (e.g., rural India, sub-Saharan Africa), where minute ventilation is closer to heavy activity (~4.8 m³/h).

2. **Indoor time fractions** — The EPA defaults (16.4 h/day at home, 20 h/day total indoors) reflect a US suburban lifestyle. In many developing countries (e.g., Bangladesh, Vietnam, rural Kenya), women and children spend substantially more time indoors near cookstoves, while agricultural workers may spend 6–10 h/day outdoors — the opposite pattern. This mischaracterizes both indoor air pollution exposure (e.g., PM₂.₅ from solid fuels) and occupational inhalation.

3. **Penetration factors and building stock** — EPA indoor-air models often assume a penetration factor (P) near 1.0 and an AER of ~0.5 h⁻¹, reflecting US housing with weatherization and HVAC. In tropical or informal housing (e.g., Nigerian urban slums, Indian villages), AER can exceed 5 h⁻¹ due to open windows and unpainted walls, and P may be lower, dramatically altering the indoor-outdoor concentration relationship — making direct application of US mass-balance defaults invalid.

4. **Soil ingestion** — EPA defaults (100 mg/day child, 50 mg/day adult) are derived from US geophagia prevalence and soil-type studies. In regions where geophagia (intentional soil eating) is culturally practiced — e.g., among pregnant women in parts of sub-Saharan Africa (up to 50–100 g/day) or in rural Haiti — the default underestimates oral exposure to lead, arsenic, and pathogens by orders of magnitude.

These failures are most severe when doing **absolute risk assessment** (risk = dose × potency) and least severe when doing **relative comparisons** or when the study population closely matches US anthropometrics and ",4,4
JC-214,Explain how particle size influences deposition fractions in the alveolar region based on the ICRP respiratory tract model.,"Particle deposition in the alveolar region is primarily influenced by diffusion, which increases with smaller particle sizes (<0.1 μm). Larger particles (>1 μm) are less likely to reach the alveoli due to impaction and sedimentation in the upper airways.","In the ICRP respiratory tract model, alveolar deposition is strongly size-dependent and typically shows a U-shaped pattern: very small particles deposit efficiently in the alveoli by diffusion, particles around roughly 0.1–1 µm tend to have the lowest alveolar deposition, and larger fine particles (about 1–5 µm) can again show increased alveolar deposition mainly by gravitational sedimentation. For still larger coarse particles, deposition shifts upward to the upper airways and tracheobronchial region because inertial impaction dominates, so alveolar deposition generally falls",4,5
JC-215,Discuss how differential susceptibility to air pollution exposure among children and elderly populations affects health impact assessments (HIA) in urban areas.,Children: Higher ventilation rates per body weight lead to greater pollutant intake; developing lungs are more vulnerable to damage. Elderly: Reduced physiological reserve and pre-existing conditions increase risk of adverse outcomes. HIA must account for these differences to accurately model health impacts.,"Differential susceptibility in children and elderly populations fundamentally alters the validity and precision of urban HIAs through three converging mechanisms. First, **baseline health burden is age-skewed**: children carry a disproportionately high background incidence of acute respiratory infections (LRI), asthma exacerbations, and impaired lung development, while the elderly contribute the majority of cardiopulmonary mortality (IHD, stroke, COPD exacerbations). If an HIA applies a single pooled baseline mortality rate (e.g., from GBD or a city-level vital registry) without age-stratification, it will systematically underestimate attributable cases in the elderly (where baseline is highest) and misattribute the small absolute contribution of child mortality. Second, **exposure-response functions (ERFs) are age-specific**: the GBD 2019 IER models for PM₂.5 assign different relative risks by endpoint — for example, the RR for LRI at a given PM₂.5 concentration is substantially higher for children under 5 than for adults, while IHD and stroke RRs dominate for adults ≥25 years. Applying an all-age-averaged RR (common in simplified HIAs) dilutes the child LRI signal and can underestimate elderly IHD/stroke burden if the population age structure is skewed. Third, **urban microenvironments concentrate exposure differentials**: children have higher ventilation rates per body mass (moderate activity ~2.5 m³/h vs. adult ~1.5 m³/h at rest), spend more time outdoors near traffic corridors (school yards, playgrounds), and have incompletely developed mucociliary clearance and immune defenses — all of which raise their effective dose beyond what a standard time-weighted ambient concentration would predict. The elderly, conversely, spend more time indoors (where I/O ratios for PM₂.5 may range from 0.4–0.9 depending on infiltration), but their reduced lung elasticity, impaired macrophage function, and high prevalence of chronic comorbidities shift the toxicodynamic response curve leftward. An HIA that treats exposure as a uniform ambient concentration applied to a single susceptibility factor misses these dynamics. **Best practice** in urban HIAs therefore requires: (a) age-stratified population counts and baseline rates, (b) use of endpoint- and age-specific ERFs (e.g., GBD IER for children LRI, separate IHD/stroke ERFs for adults), (c) microenvironment-time-activity adjustments by age group (children outdoors 3–4 h/day vs. elderly 1–1.5 h/day), and (d) propagation o",5,5
JC-216,How does the Multiple-Path Particle Dosimetry (MPPD) model estimate regional deposition fractions in children compared to adults?,"The MPPD model accounts for anatomical differences such as smaller airway diameters and faster breathing rates in children, which increase deposition fractions in the tracheobronchial and alveolar regions compared to adults. Age-specific airway geometry and ventilation parameters are integrated into the calculations.","The MPPD model estimates regional deposition fractions by combining age-specific lung geometry with breathing parameters and particle physics to simulate where inhaled particles deposit in the head airways, tracheobronchial tree, and alveolar region. Compared with adults, children generally have smaller airways, higher ventilation per body mass, and different breathing patterns, so MPPD often predicts higher deposition efficiency for some particle sizes—especially in upper and conducting airways—while alveolar deposition can also differ with age because distal lung structure and tidal breathing change during development",3,4
JC-217,Why does the EPA Exposure Factors Handbook provide age-specific inhalation rates for exposure modeling?,"Age-specific inhalation rates are crucial because respiratory physiology changes significantly across different life stages. For example, children have higher ventilation rates per unit of body weight compared to adults, making them more susceptible to airborne contaminants.","The EPA Exposure Factors Handbook gives age-specific inhalation rates because breathing volume is not the same across infants, children, adolescents, and adults. Differences in body size, lung development, metabolic demand, and activity patterns change how much air people inhale, so age-specific values improve the accuracy of exposure and dose estimates",4,4
JC-218,Why are pregnant women considered a susceptible population group in air pollution health impact assessments?,"Pregnant women are considered susceptible because air pollution exposure can harm fetal development, leading to outcomes such as low birth weight, preterm birth, and developmental delays. Physiological changes during pregnancy also increase vulnerability.","Pregnant women are considered susceptible because pregnancy involves major physiological changes that can increase vulnerability to air pollutants, and exposures can affect both the mother and the developing fetus. Pollutants may contribute to outcomes like preterm birth, low birth weight, and impaired fetal development, so health impact assessments treat this group as higher priority",5,5
JC-219,Discuss the role of wearable sensors in complementing GPS data for exposure assessment.,"Wearable sensors can measure real-time pollutant concentrations directly, providing data that complements GPS-based microenvironment classification. Together, they enable a more comprehensive exposure assessment by combining spatial data with pollutant levels.","Wearable sensors complement GPS by capturing what GPS cannot: actual personal exposure and microenvironment conditions, such as pollutant concentrations, noise, temperature, heart rate, or activity level. GPS tells you where a person is, while wearables help estimate what they are exposed to there and how their behavior modifies dose; together they improve exposure assessment accuracy, especially for indoor, near-road, and time-activity variability",5,5
JC-220,Discuss the role of air exchange rate and indoor surface area in determining the decay of indoor O₃ levels over time. Include the relevant equations.,"The decay of indoor O₃ is governed by AER and surface deposition. The decay rate constant (k) combines AER and deposition: k = AER + k_surface. Increased AER enhances outdoor O₃ inflow but also accelerates removal. Larger surface areas increase deposition, lowering O₃ levels.","Indoor O₃ is commonly modeled with a well-mixed mass balance:

\[
\frac{dC_{in}}{dt}= P\,a\,C_{out} + \frac{S}{V} - \left(a+k_s+k_r\right)C_{in}
\]

where \(C_{in}\) is indoor ozone concentration, \(C_{out}\) outdoor concentration, \(P\) penetration factor, \(a\) air exchange rate \((h^{-1})\), \(S\) indoor source strength, \(V\) room volume, \(k_s\) surface-loss rate, and \(k_r\) gas-phase reaction loss. For ozone, indoor sources are usually negligible, so decay after outdoor supply is removed or reduced is:

\[
C_{in}(t)=C_{in,0}\,e^{-K t}, \qquad K=a+k_s+k_r
\]

with time constant \(\tau=1/K\).

Indoor surface area matters because ozone is strongly removed at surfaces. The surface-loss term is often written as:

\[
k_s=\frac{v_d A}{V}
\]

where \(v_d\) is deposition velocity and \(A\) is effective indoor surface area. Thus, greater air exchange rate \(a\) increases removal by ventilation during decay, while greater indoor surface area \(A\) increases ozone loss to surfaces and speeds decay by increasing \(k_s\). If outdoor ozone remains present, higher \(a\) also increases ozone entry, so its net effect depends on both supply \(P a C_{out}\) and removal \(aC_{in}\)",5,5
JC-221,Describe the methodological steps used in the Global Burden of Disease (GBD) framework to estimate DALYs attributable to air pollution exposure.,"The GBD framework involves (1) quantifying population exposure to air pollution, (2) applying exposure-response functions to estimate RR for mortality and morbidity outcomes, (3) calculating attributable fractions (AF) for each outcome, (4) estimating attributable deaths and cases, and (5) converting these into DALYs by combining years of life lost (YLL) and years lived with disability (YLD).","In GBD, air-pollution-attributable DALYs are estimated with a comparative risk assessment approach: define the pollutant–outcome pairs with sufficient causal evidence, estimate population exposure distributions by location/age/sex/year, apply concentration–response functions to derive relative risks versus a theoretical minimum risk exposure level, and calculate population attributable fractions. Those fractions are then applied to cause-specific deaths, YLLs, and YLDs from the core GBD disease models, and attributable DALYs are obtained as YLLs + YLDs, with uncertainty propagated across exposure, risk, and health-outcome estimates",5,5
JC-222,Critique the use of physiologically-based pharmacokinetic (PBPK) models for route-to-route extrapolation in risk assessment.,"PBPK models allow for the simulation of chemical absorption, distribution, metabolism, and excretion across exposure routes. However, challenges include the accuracy of parameterization, interindividual variability, and assumptions about metabolic equivalence between routes. Validation against empirical data is critical for reliable extrapolation.","** Physiologically-based pharmacokinetic (PBPK) models provide a principled framework for route-to-route extrapolation by explicitly incorporating route-specific absorption kinetics, first-pass metabolism (e.g., hepatic first-pass effect for oral vs. inhalation routes), tissue partitioning, and clearance processes—allowing estimation of internal dose (tissue concentration at the target site) rather than relying on administered dose alone. This is a major advance over default assumptions (e.g., assuming 100% bioavailability equivalence across routes or applying arbitrary uncertainty factors), particularly when the portal-of-entry tissue differs (e.g., lungs for inhalation vs. liver/GI for oral) and when saturable metabolism is involved.

However, PBPK-based route-to-route extrapolation carries significant limitations: (1) it demands extensive chemical-specific parameters (partition coefficients, metabolic rate constants, absorption rate constants, tissue volumes, blood flows) that are often unavailable and must be estimated from *in vitro* data, *in silico* QSPRR models, or allometric scaling—each introducing substantial uncertainty; (2) inter-individual variability in physiology (age, body composition, organ blood flow, enzyme polymorphisms) can propagate through the model and is rarely fully characterized; (3) model structure validation is frequently incomplete because route-specific internal dose measurements (e.g., venous blood concentrations following oral vs. inhalation exposure) are only available for a handful of compounds; and (4) the extrapolation can be highly sensitive to assumptions about the metabolic clearance pathway (e.g., whether hepatic or extrahepatic metabolism dominates) and whether the toxic moiety is the parent compound or a route-dependent metabolite. In practice, regulatory agencies (EPA, OECD) encourage PBPK-based route-to-route extrapolation when adequate data exist, but typically require sensitivity analysis and acknowledgment of the added uncertainty—often still retaining a default database uncertainty factor to cover model inadequacy. The most defensible applications involve well-studied chemicals (e.g., trichloroethylene, styrene, methylene chloride) where human pharmacokinetic data exist for at least one route to anchor the model",5,5
JC-223,Describe the methodological steps used in the Global Burden of Disease (GBD) framework to estimate DALYs attributable to air pollution exposure.,"The GBD framework involves (1) quantifying population exposure to air pollution, (2) applying exposure-response functions to estimate RR for mortality and morbidity outcomes, (3) calculating attributable fractions (AF) for each outcome, (4) estimating attributable deaths and cases, and (5) converting these into DALYs by combining years of life lost (YLL) and years lived with disability (YLD).","** The GBD framework estimates DALYs attributable to ambient and household air pollution in six interconnected steps.

**1. Exposure assessment.** For ambient PM₂.₅, satellite retrievals (MODIS, MISR, SeaWiFS), chemical transport models (GEOS-Chem, TM5-FASST), and ground monitor data are fused via Bayesian kriging to produce annual mean PM₂.₅ at 0.1°×0.1° resolution. For household air pollution, a Bayesian model integrates survey cooking fuel data and room-level measurements to estimate personal exposures, especially for women and children. Ozone is estimated via a separate geostatistical ensemble.

**2. Theoretical Minimum Risk Exposure Level (TMREL).** A uniform counterfactual distribution is specified. For PM₂.₅, the GBD 2019 TMREL is 2.4–5.9 µg/m³ (annual mean), representing the range of exposures in cohort studies below which no additional risk is observed for the five included endpoints.

**3. Concentration–response (IER) functions.** The Integrated Exposure–Response (IER) model links PM₂.₅ exposure to five cause-specific outcomes: ischemic heart disease (IHD), stroke, COPD, lung cancer (LC), and lower respiratory infection (LRI). The IER is a risk function that pools evidence from ambient air pollution cohorts, secondhand smoke studies, active smoking studies (scaled), and household air pollution studies, using a Bayesian metaregression to estimate relative risk (RR) and its uncertainty across the full exposure range. The IER is supramultiplicative—steep at low exposures and flattening at high exposures—so a *RR* is assigned to each grid cell based on its PM₂.₅ concentration. For ozone, a separate log-linear function for COPD mortality is used.

**4. Population Attributable Fraction (PAF).** For each disease–age–sex–location stratum, the PAF is calculated from the RR and the fraction exposed (*p*):

 PAF = *p* × (*RR* − 1) / [1 + *p* × (*RR* − 1)]

The RR is derived from the IER function at the population-weighted mean exposure in that stratum. For ambient PM₂.₅, the entire population is considered exposed (*p* = 1), so the PAF simplifies to (*RR* − 1)/*RR*.

**5. Baseline disease burden.** GBD provides annual estimates of deaths, years of life lost (YLLs), years lived with disability (YLDs), and DALYs for each cause, age, sex, and location from a comprehensive disease-modeling framework (CODEm/DisMod-MR 2.1).

**6. Attributable DALYs.** The attributable burden for each cause–age–sex–stratum is:

 Attributable deaths/cases = Baseline deaths/cases × ",5,4
JC-224,Describe two indoor sources of NO₂ and explain their impact on indoor air quality.,"Gas stoves and unvented heaters are two common indoor sources of NO₂. Gas stoves emit NO₂ during combustion of natural gas, especially in poorly ventilated kitchens, leading to elevated NO₂ levels. Unvented heaters release combustion byproducts directly into the indoor environment, contributing to high NO₂ concentrations that can exceed health guidelines.","Two common indoor sources of NO₂ are gas stoves/ovens and unvented combustion heaters such as kerosene or gas space heaters. Both generate NO₂ during fuel combustion, which can raise indoor concentrations, worsen overall air quality, and increase risks of airway irritation, asthma symptoms, and reduced lung function, especially in poorly ventilated homes",5,5
JC-225,Why is it important to consider confidence intervals (CI) when interpreting RR values in epidemiological studies?,"Confidence intervals provide a range of plausible values for the RR, reflecting the precision of the estimate and the level of uncertainty. They help assess statistical significance and the reliability of the observed association.","RR is only a point estimate, so the CI tells you how precise that estimate is and how much uncertainty remains. If the CI includes 1.0, the observed association may be compatible with no effect; a narrow CI suggests a more precise estimate than a wide one",5,5
JC-226,"Explain how GPS data can be used to classify microenvironments for a commuter's daily exposure assessment, and why dwell time is critical for accuracy.","GPS data provides spatiotemporal coordinates that can be mapped to land-use categories, such as home, office, transit, or outdoor spaces. Dwell time thresholds help distinguish between passing through an area and actively occupying it, ensuring accurate microenvironment classification for exposure assessment.","GPS data can be used to classify a commuter’s microenvironments by (1) preprocessing the track (cleaning noise, interpolating to a consistent time step), (2) map-matching points to the road/transit network and nearby POIs (home, work, transit stops, parking/garage), (3) segmenting the day into time-ordered “stays” or “runs” (e.g., dwell at a platform vs. in-vehicle movement), and (4) assigning each segment to a microenvironment class using rules or a microenvironment database (e.g., indoor at home/work, vehicle while driving, outdoor roadside near the route, indoor transit carriage, walking/standing at stops).  

Dwell time is critical because cumulative exposure (and dose) is driven by **concentration × intake rate × time**. Even if the commuter passes through a high-concentration area briefly, a small timing error (or misclassifying a stop as moving) can substantially change the integrated dose; conversely, overestimating time in a low-concentration microenvironment can dilute the total exposure",5,5
JC-227,Describe how gender-specific body weight data in the EPA Exposure Factors Handbook impacts dietary exposure assessments.,"Gender-specific body weight data are vital for dietary exposure assessments because they allow for the calculation of ingestion rates that account for physiological differences between males and females. For instance, males tend to have higher body weights, which may result in lower per-kilogram exposure when consuming the same amount of a contaminant as females.","Gender-specific body weight data in the EPA Exposure Factors Handbook affects dietary exposure assessments by changing the dose normalized to body weight: for the same food intake and contaminant concentration, a lower body weight yields a higher estimated mg/kg-day exposure. Using sex-specific values can therefore produce different risk estimates for males and females, especially in adult populations where average body weights differ",5,5
JC-228,Explain how GPS trajectory data can be used to classify microenvironments for personal exposure assessment.,"GPS trajectory data provides spatial and temporal information that can be mapped to land-use categories or known locations (e.g., home, workplace, transit routes). By analyzing dwell times and movement patterns, researchers can classify microenvironments such as indoors, outdoors, or commuting.","GPS trajectory data are used to turn a person’s movement path into time spent in distinct microenvironments such as home, work, school, in-vehicle, outdoors, or other indoor locations. Typically, analysts clean and map-match the GPS points, segment the track into stops and trips, then classify each segment using features like location, speed, dwell time, road proximity, land use, and building footprints; this is often improved by combining GPS with GIS, accelerometers, diaries, or Wi‑Fi/Bluetooth data. The resulting time-activity classification is linked to pollutant levels by microenvironment, which can substantially improve personal exposure estimates, though accuracy depends on GPS quality, indoor signal loss, and validation against ground truth",5,5
JC-229,How do cooking emissions impact indoor PM2.5 levels?,"Cooking emissions, particularly from frying or using gas stoves, release fine particulate matter (PM2.5) into the indoor air. These emissions can significantly increase indoor PM2.5 levels, especially in poorly ventilated spaces.","Cooking emissions can substantially raise indoor PM2.5 because they directly generate fine particles/aerosols during combustion and high-temperature cooking (e.g., frying, grilling), which then accumulate indoors. The indoor PM2.5 level depends on (1) the emission rate during cooking, (2) how much of that aerosol remains indoors versus is removed by ventilation/filtration, and (3) how much outdoor PM infiltrates while cooking is occurring.

Key mechanisms:
- **Direct indoor generation:** Cooking produces primary PM2.5 (from burning/pyrolysis) and **secondary aerosols** (e.g., from oxidation of organic vapors), increasing indoor PM2.5 even if outdoor air is clean.
- **Ventilation and air exchange (AER):** Higher air exchange generally **reduces** indoor concentrations by exhausting contaminated air, but it can also **bring in outdoor PM**; net effect depends on outdoor levels and the balance between removal and infiltration.
- **Range hood use:** A properly vented hood (ducted outdoors) can greatly lower indoor PM2.5 by increasing effective exhaust during cooking. **Recirculating** hoods (filter-only) help less unless filters are effective and maintained.
- **Penetration/infiltration:** Even without cooking, outdoor PM can enter; during cooking, indoor-generated PM often dominates, but infiltration still affects the baseline and the decay after cooking.
- **Particle size and deposition:** Cooking tends to emit particles that can **remain airborne** long enough to elevate PM2.5; some fraction deposits onto surfaces, which slows the decline after cooking stops.
- **Time pattern:** Indoor PM2.5 typically shows **rapid spikes during active cooking** and then a **decay over time** after cooking ends, governed by ventilation/filtration and deposition (often much faster with strong exhaust).

In short: cooking emissions usually cause **short-term increases** in indoor PM2.5 that can be much larger than background levels, and the magnitude is strongly reduced by **ducted exhaust/strong ventilation** and increased by **poor exhaust, recirculating-only hoods, and high-emission cooking methods** (especially frying)",5,5
JC-230,Why are blood lead levels commonly used as biomarkers for assessing lead exposure?,"Blood lead levels reflect recent exposure and the amount of lead circulating in the bloodstream, making them a direct measure of internal dose. They are widely used because they can be easily measured and correlate with health outcomes related to lead toxicity.","Blood lead levels (BLLs) are commonly used because they directly reflect the amount of lead circulating in the bloodstream, which is a key compartment for recent exposure. Lead in blood responds relatively quickly to changes in exposure (hours to days), making BLLs useful for monitoring and comparing exposure over time. Also, blood sampling is practical and standardized, and BLLs correlate with internal dose and with health risk—especially for neurodevelopmental effects in children—so they provide an actionable measure for exposure assessment and public health interventions",5,5
JC-231,Describe how PBPK models can be used to predict the internal dose of a chemical following dermal absorption.,"PBPK models simulate the distribution, metabolism, and elimination of a chemical by integrating absorption rates through the skin, partition coefficients, and physiological parameters. They allow predictions of systemic concentration and target organ exposure by accounting for dermal permeability and bioavailability.","PBPK models predict internal dose after dermal exposure by representing the skin and body as physiological compartments and simulating chemical movement from the skin surface through skin layers into blood, then to organs based on blood flow, partitioning, metabolism, and elimination. Using inputs such as permeability, exposed skin area, contact time, and chemical properties, they estimate internal dose metrics like blood concentration, target-tissue dose, Cmax, and AUC over time",5,5
JC-232,Discuss the advantages and limitations of using blood lead levels as a biomarker for environmental lead exposure.,"Blood lead levels provide a direct measure of recent lead exposure and are useful for assessing immediate health risks. However, they do not reflect cumulative exposure or lead stored in bones, limiting their use for long-term exposure assessments.","Blood lead level is a useful biomarker because it is easy to measure, reflects recent exposure, and is strongly associated with absorbed lead from multiple environmental sources. Its main limitation is that it does not capture total body burden well, because lead is also stored in bone and blood levels can miss past or chronic exposure; it can also be influenced by mobilization from bone during pregnancy, aging, or illness",5,5
JC-233,Describe how PBPK models can be used to predict the internal dose of a chemical following dermal absorption.,"PBPK models simulate the distribution, metabolism, and elimination of a chemical by integrating absorption rates through the skin, partition coefficients, and physiological parameters. They allow predictions of systemic concentration and target organ exposure by accounting for dermal permeability and bioavailability.","PBPK (physiologically based pharmacokinetic) models can predict internal dose after dermal exposure by explicitly representing the body’s compartments (e.g., skin layers, blood/plasma, liver, fat, other tissues) and simulating how chemical mass moves through them over time.

- **Dermal input/absorption:** The model starts with the **external exposure** (applied dose or concentration on skin, contact time, skin area, hydration/temperature, and vehicle). It uses **skin permeability and partitioning** (often via a skin submodel) to estimate the **rate of dermal absorption into the skin/blood** (i.e., flux → absorbed mass).
- **Systemic distribution:** Absorbed chemical enters the **central (blood/plasma) compartment**, then is distributed to organs/tissues using **tissue:blood partition coefficients** and **organ blood flows**.
- **Metabolism and elimination:** Each relevant organ includes **biotransformation** (enzyme kinetics or clearance parameters) and **excretion** processes, producing time-varying concentrations.
- **Internal dose metrics:** The model outputs **time courses of concentration** in blood and tissues and can derive **internal dose** measures such as:
  - **AUC** (area under the concentration–time curve) in target tissues,
  - **Cmax** (peak concentration),
  - **amount metabolized** or **excreted**,
  - **target-tissue exposure** (e.g., AUC in liver or other critical tissue),
  - **delivered dose to a site of action** (often used for risk assessment).
- **Parameterization & calibration:** Parameters (partition coefficients, permeability, clearance, binding) come from **in vitro/in vivo data** or literature; models are typically **calibrated** to observed biomonitoring (e.g., blood levels) to reduce uncertainty.
- **Scenario simulation:** Once built, PBPK can simulate different dermal exposure scenarios (dose, duration, frequency, skin conditions) to estimate the corresponding **internal dose** over time",5,5
JC-234,Explain how age and activity level influence inhalation rates as outlined in the EPA Exposure Factors Handbook.,"Inhalation rates increase with physical activity due to higher ventilation demands. Additionally, age affects rates, with children having higher rates per unit body weight compared to adults due to higher metabolic demands.","In the EPA Exposure Factors Handbook, inhalation rate varies strongly with both age and activity. Long-term average rates generally increase from infancy through adolescence into adulthood because body size, lung capacity, and metabolic demand increase with age; for example, defaults are about 5.4 m³/day for infants under 1 year, 10.1 m³/day for children 3–6 years, 15.2 m³/day for ages 11–16, and about 15.7 m³/day for adults. Activity level affects short-term breathing even more directly: rates are much lower at rest/light activity and rise with moderate and heavy exertion because ventilation increases to meet oxygen demand, with typical adult male values around 1.5 m³/h for light, 2.5 m³/h for moderate, and 4.8 m³/h for heavy activity; female values are typically somewhat lower",4,4
JC-235,Why is the penetration factor for ozone typically lower than for PM2.5 in residential buildings?,"The penetration factor for ozone is typically lower than for PM2.5 because ozone is highly reactive and can be removed by chemical reactions with indoor surfaces and materials, while PM2.5 particles are less reactive and more likely to penetrate through building materials and gaps.","The penetration factor for ozone is typically lower than for PM2.5 because ozone is a highly reactive gas that readily deposits onto and reacts with building materials as it passes through cracks, leaks, and ductwork in the building envelope. Surfaces such as gypsum wallboard, carpet, and wood catalyze ozone decomposition, so a substantial fraction is lost during transport through the envelope. In contrast, PM2.5 consists of small particles that behave more like a tracer (with minimal inertial impaction or gravitational settling at this size range), so they pass through narrow cracks with lower deposition losses — their penetration is governed more by airflow and filtration, not by surface chemistry. The indoor-outdoor mass balance for ozone thus includes a significant deposition loss term (k_dep) that reduces its effective penetration, whereas PM2.5's deposition velocity in the envelope itself is much lower, allowing a higher fraction to enter",5,5
JC-236,Critique the use of physiologically-based pharmacokinetic (PBPK) models for route-to-route extrapolation in risk assessment.,"PBPK models allow for the simulation of chemical absorption, distribution, metabolism, and excretion across exposure routes. However, challenges include the accuracy of parameterization, interindividual variability, and assumptions about metabolic equivalence between routes. Validation against empirical data is critical for reliable extrapolation.","PBPK models can be valuable for route-to-route extrapolation in risk assessment because they mechanistically link absorption, distribution, metabolism, and excretion across exposure routes, often improving on purely empirical scaling—especially when the same internal dose metric (e.g., target-tissue concentration or AUC) is relevant to toxicity.

However, their use is frequently limited by (1) **model structure uncertainty** (which compartments/biotransformation pathways are included), (2) **parameter uncertainty** (species-to-human scaling of clearance, tissue partitioning, enzyme kinetics, and transporters), (3) **data gaps** (insufficient human or chemical-specific PK data to calibrate/validate), (4) **variability and life-stage differences** (age, sex, genetics, disease states, co-medications, and smoking can shift metabolism and physiology), and (5) **route-specific determinants not fully captured** (e.g., first-pass effects, formulation/vehicle effects, dissolution/solubility-limited absorption for inhalation/oral, and local tissue exposure at the portal of entry). For some endpoints, additional **pharmacodynamic (PD) uncertainty** arises: even if PBPK predicts internal dose well, the assumed relationship between internal dose and toxicity may be based on limited or route-specific observations.

Best-practice critique/recommendations: use PBPK primarily to translate **external exposure → internal dose**, then connect internal dose to toxicity using **endpoint-relevant exposure metrics**; require **transparent sensitivity/uncertainty analyses**, **independent validation** (not just calibration), and explicit justification of **key scaling assumptions** (e.g., enzyme activity scaling, partition coefficients, and clearance). Where PBPK cannot be adequately validated or where absorption is likely dissolution/transport-limited, risk assessors should treat route-to-route PBPK results as **hypothesis-generating** and apply **conservative uncertainty factors** or alternative approaches (e.g., empirical scaling with bounding)",5,5
JC-237,What is the role of penetration factor in determining indoor concentrations of outdoor air pollutants?,"The penetration factor quantifies the proportion of outdoor air pollutants that enter the indoor environment through openings such as windows, doors, and cracks. It depends on pollutant properties, building characteristics, and environmental factors, influencing indoor air quality directly.","** The penetration factor (P) represents the fraction of an outdoor pollutant that successfully passes through the building envelope (windows, doors, cracks, ventilation intakes) into the indoor environment. It ranges from 0 (complete filtration/blockage) to 1 (perfect transmission). In the steady-state indoor mass balance, assuming no indoor sources or deposition, the indoor concentration simplifies to **C_in = P × C_out**, meaning P is the linear scaling factor between outdoor and indoor concentrations. For particles, P depends strongly on size — smaller particles (0.1–1 µm) penetrate more readily (P near 1), while larger particles (>10 µm) are filtered more effectively by building cracks (P < 0.5). For gases, P is typically ~1 unless there is reactive decay in the building envelope. When indoor sources and sinks are present, P still governs the outdoor-to-indoor transport term (P·AER·C_out) in the full mass balance equation: C_in = (P·AER·C_out + S/V) / (AER + k_dep). Thus, P is a critical parameter determining how strongly outdoor air pollution drives indoor exposure",5,5
JC-238,Why is time-weighted averaging (TWA) important for calculating exposure using GPS trajectory data?,"TWA integrates the pollutant concentration from various microenvironments over time, providing an overall exposure estimate. GPS trajectory data helps determine the time spent in each microenvironment, which is essential for accurate TWA calculation.","Time-weighted averaging is important because GPS trajectory data show how long a person spends in different locations or microenvironments, each with different pollutant levels. TWA combines concentration and time spent in each place, giving a more realistic estimate of actual exposure than a simple unweighted average, especially when short periods in high-exposure locations can strongly affect total dose",5,5
JC-239,How do cooking emissions impact indoor PM2.5 levels?,"Cooking emissions, particularly from frying or using gas stoves, release fine particulate matter (PM2.5) into the indoor air. These emissions can significantly increase indoor PM2.5 levels, especially in poorly ventilated spaces.","Cooking emissions can sharply increase indoor PM2.5 because frying, sautéing, grilling, and especially high-heat or oil-burning cooking generate fine particles and aerosols that stay suspended in air. The impact depends on the cooking method, temperature, ventilation/hood use, and room air exchange, and the elevated levels can persist for minutes to hours after cooking",5,5
JC-240,What is the role of the attributable fraction (AF) in health impact assessments of air pollution?,"The attributable fraction (AF) quantifies the proportion of a health outcome (e.g., mortality or morbidity) in a population that can be attributed to a specific exposure, such as air pollution. It is calculated using the relative risk and represents the burden of disease that could be prevented if the exposure were eliminated or reduced to a counterfactual level.","The attributable fraction (AF), calculated as (RR − 1) / RR, quantifies the proportion of disease cases in an exposed population that can be attributed to the exposure (e.g., PM₂.₅). In health impact assessments of air pollution, AF serves as the key bridge between epidemiological relative risks and population-level burden of disease: it is multiplied by the baseline disease rate and the population size to estimate the number of attributable cases (deaths, hospitalizations, etc.) that would be avoided if the exposure were reduced to a counterfactual level (e.g., the WHO AQG or TMREL). In practice, AF enables translation of changes in air pollution concentration into actionable estimates of avoidable health burden, which underpins regulatory cost-benefit analyses and policy target-setting",5,5
JC-241,Why is time-weighted averaging (TWA) important in exposure assessments using GPS and wearable sensor data?,"TWA accounts for varying pollutant concentrations and time spent in different microenvironments, providing a composite exposure estimate over a specified duration. It ensures that exposure assessments reflect the individual's actual spatiotemporal activity patterns.","Time-weighted averaging is important because GPS and wearable sensors show that exposure changes across locations and over time, so a simple average can misrepresent true personal exposure. TWA accounts for how long a person spends in each microenvironment and the concentration there, producing a more realistic estimate of cumulative exposure and better input for dose and risk assessment",5,5
JC-242,How can time-weighted average (TWA) exposure estimates account for varying activity intensities using GPS and wearable sensor data?,"TWA exposure estimates can incorporate activity intensities by using GPS data to determine time spent in specific locations and wearable sensors to infer activity levels, such as walking or running. By applying activity-specific inhalation rates to the time spent in each microenvironment, the TWA can more accurately reflect an individual's actual exposure.","GPS and wearable sensor data enable microenvironment-specific TWA exposure estimates by geolocating each time segment (home, work, transit, recreation) while concurrently measuring heart rate or accelerometry to infer metabolic equivalent (MET) and thereby the appropriate inhalation rate (e.g., light ~1.5 m³/h, moderate ~2.5 m³/h, heavy ~4.8 m³/h) for that segment; the TWA concentration is then weighted by both the time spent and the activity-adjusted ventilation rate in each microenvironment: C_TWA = Σ(Cᵢ × IRᵢ × tᵢ) / Σ(IRᵢ × tᵢ), which more accurately reflects inhaled dose than simple time-weighting alone",5,5
JC-243,Discuss the implications of assuming constant exposure frequency and duration in risk assessment models.,"Assuming constant exposure frequency and duration simplifies modeling but may overlook variability in real-world scenarios, such as seasonal changes, occupational shifts, or behavioral differences. This can lead to over- or underestimation of risk, highlighting the need for adaptive models incorporating temporal dynamics.","Assuming constant exposure frequency and duration simplifies risk assessment by turning variable real-world behavior into a single average exposure scenario, which makes calculations tractable and comparable across populations. The main implication is potential bias: it can overestimate risk for people with intermittent exposure and underestimate risk for those with frequent or prolonged exposure, while also masking peaks, seasonal changes, and life-stage differences",5,5
JC-244,What biases might arise when comparing personal monitoring data to area monitoring data?,"Biases include spatial mismatch, differential time spent near sources, and variability in microenvironment concentrations. Personal monitoring may overestimate individual exposure compared to area averages.","Comparing personal monitoring to area monitoring can be biased because personal monitors capture what an individual actually encounters across microenvironments, while area monitors reflect a fixed location and may miss spatial and temporal variability. This can lead to exposure misclassification, especially if people spend time away from the area monitor or if the pollutant has strong near-source gradients",4,4
JC-245,Describe the primary reason for the WHO's tightening of the annual NO2 guideline from 40 µg/m³ in 2005 to 10 µg/m³ in 2021.,The guideline was tightened due to emerging evidence of significant cardiovascular and respiratory effects at lower NO2 concentrations than previously understood.,"The primary reason was stronger epidemiologic evidence showing adverse health effects from long-term NO2 exposure at concentrations well below 40 µg/m³, especially respiratory impacts and associations independent of other traffic-related pollutants. In the 2021 update, WHO concluded the older 2005 limit was not sufficiently protective, so it lowered the annual guideline to 10 µg/m³",5,4
JC-246,What is the mean skin surface area for individuals aged birth to 1 year?,0.3,0.21 m²,1,1
JC-247,What is the significance of air exchange rate in determining indoor concentrations of outdoor NO2?,"The air exchange rate determines how quickly outdoor air replaces indoor air, influencing the concentration of outdoor NO2 indoors. Higher air exchange rates can reduce indoor NO2 levels by diluting pollutants and facilitating their removal.","Air exchange rate controls how quickly outdoor NO2 is brought indoors and replaced, so higher air exchange generally increases indoor NO2 from outdoor sources. In the simple no-source, no-sink case, the steady-state indoor concentration depends mainly on penetration and outdoor concentration; with indoor deposition or other sinks, a higher air exchange rate reduces the impact of those sinks and can raise indoor NO2 closer to outdoor levels",2,2
JC-248,"Discuss how differences in time-activity patterns between urban and rural populations can influence exposure to air pollutants, referencing the EPA Exposure Factors Handbook.","Urban populations may spend more time in environments with higher pollution levels (e.g., traffic-heavy areas), while rural populations may have higher exposure to agricultural chemicals. Time-activity data from the EFH can help quantify these differences.","The EPA Exposure Factors Handbook (EFH 2011, Chapter 16) reports that the average U.S. adult spends approximately **20 hours/day indoors** (of which ~16.4 hours in a residence), **1.8 hours/day outdoors**, and **1.5 hours/day in vehicles**. These patterns differ meaningfully between urban and rural populations, which in turn affects pollutant exposure profiles.

**Urban populations** tend to have longer commuting times (vehicle time may approach 2–3 h/d in dense metro areas), increasing exposure to traffic-related pollutants such as NO₂, CO, and ultrafine particles. Higher population density places residents closer to emission sources (roadways, industrial zones), and urban buildings often have lower penetration factors (P) and lower air exchange rates (AER) due to sealed windows and HVAC systems. Using the indoor mass balance model, a lower AER with no indoor source gives C_in = P·C_out. If P ≈ 0.7–0.9 (typical for PM₂.₅ in modern buildings), indoor concentrations remain a substantial fraction of outdoor levels. Urban dwellers also spend more time in microenvironments with known elevated concentrations (subways, bus stops, street canyons).

**Rural populations** typically spend more time outdoors (agricultural work, livestock management, outdoor recreation), potentially approaching 4–6 h/d during growing seasons. This shifts the time-weighted exposure toward direct outdoor concentrations, which for rural areas may be lower for traffic-related pollutants but higher for **agricultural dust (PM₁₀/PM₂.₅)**, **endotoxin**, **ammonia**, and **biomass combustion emissions** (residential wood burning, crop residue burning). Rural homes often have higher AER (open windows, natural ventilation), so C_in ≈ P·C_out applies but with higher AER, less indoor attenuation. Consequently, the indoor microenvironment provides less protection against outdoor pollution peaks. Occupation is also a factor: rural populations engaged in farming may have inhalation rates in the **light-to-moderate activity range (1.5–2.5 m³/h)** during work, increasing the inhaled dose relative to a sedentary office worker in an urban setting, even at equivalent concentrations.

In summary, urban–rural differences in time allocation across microenvironments—especially commuting time vs. outdoor occupational time—differentially weight exposure to traffic-sourced vs. fugitive-dust/combustion-sourced pollutants, and the indoor microenvironment's buffering capacity (governed by P and AER per the mass b",4,4
JC-249,Discuss how differential susceptibility to air pollution exposure among children and elderly populations affects health impact assessments (HIA) in urban areas.,Children: Higher ventilation rates per body weight lead to greater pollutant intake; developing lungs are more vulnerable to damage. Elderly: Reduced physiological reserve and pre-existing conditions increase risk of adverse outcomes. HIA must account for these differences to accurately model health impacts.,"Children and older adults are not equally affected by urban air pollution, so HIA should treat them as susceptible subpopulations rather than assume one average population response. Children have higher ventilation per body weight, developing lungs and immune systems, and distinct activity patterns, while elderly people have reduced physiologic reserve, more cardiopulmonary disease, and higher baseline mortality; together, these factors can increase exposure-response slopes, attributable fractions, and absolute health burdens. In practice, HIA should use age-stratified exposure, baseline rates, and concentration-response functions, and should consider co-exposures, medication use, mobility, housing quality, and access to care, because failing to do so can underestimate impacts and misidentify the urban neighborhoods and interventions with the greatest health benefit",5,5
JC-250,"Estimate the number of attributable deaths in a city with a population of 1,000,000, a baseline mortality rate for IHD of 150 deaths per 100,000 per year, and a PAF of 0.125 due to PM2.5 exposure.","Attributable deaths = baseline rate × population × PAF = (150/100,000) × 1,000,000 × 0.125 = 187.5 deaths/year.",187.5 attributable deaths per year (≈188 deaths),5,5
JC-251,How can time-weighted average (TWA) exposure estimates account for varying activity intensities using GPS and wearable sensor data?,"TWA exposure estimates can incorporate activity intensities by using GPS data to determine time spent in specific locations and wearable sensors to infer activity levels, such as walking or running. By applying activity-specific inhalation rates to the time spent in each microenvironment, the TWA can more accurately reflect an individual's actual exposure.","Time-weighted average (TWA) exposure is computed by splitting the day into GPS-defined microenvironments or activity segments, then weighting each segment by its duration and intensity-specific exposure rate. Wearable sensors (e.g., accelerometers, heart rate, or minute ventilation proxies) help classify activity intensity so that higher-breathing-rate periods contribute more to inhalation dose than sedentary periods. In practice, you sum segment exposures as \(\text{TWA}=\sum(C_i \times t_i)/\sum t_i\), or for dose-based estimates, \(\sum(C_i \times IR_i \times t_i)\), where \(IR_i\) varies by activity intensity",5,5
JC-252,"Using WHO AQG daily PM2.5 target of 15 µg/m³, determine whether a monitoring dataset with daily values of [10, 20, 18, 12, 15, 14, 16 µg/m³] meets the guideline.",Mean daily concentration = (10+20+18+12+15+14+16)/7 = 15 µg/m³; the dataset meets the guideline.,False,1,0
JC-253,How can commuting exposure to air pollution be assessed using GPS trajectory data and time-weighted averaging (TWA)?,"Commuting exposure can be assessed by mapping GPS trajectory data to specific microenvironments (e.g., transit modes such as buses or trains) and estimating the pollutant concentration in each microenvironment. Using the time spent in each microenvironment, a TWA can be calculated to estimate the overall exposure during the commute.","Commuting exposure can be assessed by (1) converting GPS traces into time-stamped location segments, (2) assigning an air-pollution concentration to each segment, and (3) computing a time-weighted average (TWA) across the commute.

1) **Prepare GPS trajectory**
- Collect GPS at sufficient frequency (e.g., every 1–10 s) with timestamps.
- Clean data (remove impossible points, smooth jitter), then segment the trip into intervals where the person is plausibly in a given microenvironment (e.g., **indoors/vehicle**, **outdoors**, **near-road** vs **background**).
- For each segment *i*, determine **duration** \(\Delta t_i\) and **location** (lat/lon, road proximity, speed/vehicle type if available).

2) **Assign pollutant concentration to each segment**
Choose one of these concentration sources:
- **Ambient monitoring / gridded model** (e.g., satellite + chemical transport model) at the segment’s time and location.
- **Near-road vs background models** (important for traffic-related pollutants like NO\(_2\), ultrafine particles, black carbon).
- **Microenvironment adjustment** for in-vehicle/indoor time using a penetration factor (or an indoor mass-balance model), e.g.:
  \[
  C_{\text{in}} = P \, C_{\text{out}}
  \]
  where \(P\) depends on ventilation/filtration and window state.

This yields a concentration \(C_i\) (with units like \(\mu\)g/m\(^3\)) for each segment.

3) **Compute time-weighted average (TWA) exposure**
For a commute lasting total time \(T=\sum_i \Delta t_i\), the TWA is:
\[
\text{TWA}=\frac{\sum_i C_i \, \Delta t_i}{\sum_i \Delta t_i}
\]
- Do this for each pollutant (PM\(_{2.5}\), NO\(_2\), O\(_3\), etc.).
- If you want **separate contributions**, also compute partial TWAs by microenvironment (e.g., “in-vehicle” vs “outdoors”).

4) **Uncertainty and sensitivity (recommended)**
- Propagate uncertainty from GPS sampling, map-matching/road proximity, and concentration assignment (e.g., vary penetration factor \(P\), use alternative model grids, or bootstrap trajectories).
- Report distributions (median, IQR, percentiles) rather than only a single value.

5) **Outputs for health assessment**
- **Commute TWA** per trip/day.
- **Cumulative exposure** over longer windows (e.g., weekday average) by averaging commute TWAs across days.
- Optionally compute **dose metrics** by combining TWA with inhalation rate and exposure time (if the health model requires dose rather than concentration).

If you tell me the pollutant(s), GPS sampling rate, and whethe",5,5
JC-254,What are the challenges in applying age-specific parameters in lifetime average daily dose (LADD) calculations?,"Age-specific parameters account for differences in inhalation rate, body weight, and activity patterns across life stages. Challenges include obtaining accurate data, integrating variable exposure scenarios, and ensuring consistency in averaging time. These factors introduce complexity in lifetime dose estimation.","** The main challenges in applying age-specific parameters to Lifetime Average Daily Dose (LADD) calculations include: (1) data gaps and arbitrary binning — EPA EFH provides inhalation rates, body weights, and soil ingestion values for only a few discrete age brackets (<1 yr, 1–2, 3–6, 6–11, 11–16, 16–21, adult), but these bins mask rapid within‑stage physiological changes (e.g., a 5‑fold weight increase from infancy to toddlerhood); (2) the common assumption of independent, identically distributed exposure across age bins ignores temporal autocorrelation — a child with high exposure in one stage is likely to have high exposure in the next, which the standard LADD formula underestimates as a fixed weighted average; (3) body-weight scaling introduces a denominator artifact — low body weight in early childhood amplifies dose per kg for the same intake, but the LADD weights childhood exposure by its short duration, so high‑dose infancy windows may be diluted even when they are most biologically relevant; and (4) early-life windows of susceptibility are not captured by cumulative dose averaging — carcinogens with a juvenile mode of action may require age-dependent adjustment factors (ADAFs) rather than a simple time‑weighted mean, and EPA RAGS Part E only partially addresses this with separate early-life exposure durations for chemical-specific slope factors",4,4
JC-255,Discuss the role of wearable sensors in complementing GPS data for exposure assessment.,"Wearable sensors can measure real-time pollutant concentrations directly, providing data that complements GPS-based microenvironment classification. Together, they enable a more comprehensive exposure assessment by combining spatial data with pollutant levels.","Wearable sensors critically complement GPS data in exposure assessment by bridging the gap between **where** a person is and **what they are actually exposed to**. GPS alone provides location and mobility patterns (e.g., time spent near roadways or in green spaces), but it cannot capture personal pollutant concentrations, microenvironments, or activity intensity. Wearable sensors fill these gaps in three key ways: **(1) Chemical and particle sensors** (e.g., low-cost PM₂.₅, NO₂, or CO monitors worn on clothing or carried) measure real-time personal concentrations that may differ substantially from fixed-site monitors, capturing personal cloud effects, indoor sources (cooking, cleaning), and in-transit exposures. **(2) Physiological sensors** (e.g., heart rate, accelerometry, respiratory rate) provide minute-level activity intensity data that can be combined with GPS-derived location to estimate inhalation rates and thus **dose** (not just concentration), since a person exercising near a busy road inhales far more pollutant per unit time than someone sedentary indoors. **(3) Multi-modal sensor integration** enables microenvironment classification refinement: GPS may indicate ""at home,"" but a wearable CO₂ or particle sensor can confirm the person is cooking, and a physiological sensor can detect sleep vs. active periods. Together, GPS + wearables yield a richer exposure profile — location × concentration × activity × dose — that reduces misclassification bias, improves personal exposure model calibration, and supports time-resolved health effect analyses in epidemiologic studies (e.g., via personal monitoring sub-studies in larger GPS-based cohorts)",5,5
JC-256,Describe the methodological steps used in the Global Burden of Disease (GBD) framework to estimate DALYs attributable to air pollution exposure.,"The GBD framework involves (1) quantifying population exposure to air pollution, (2) applying exposure-response functions to estimate RR for mortality and morbidity outcomes, (3) calculating attributable fractions (AF) for each outcome, (4) estimating attributable deaths and cases, and (5) converting these into DALYs by combining years of life lost (YLL) and years lived with disability (YLD).","The GBD framework estimates DALYs attributable to air pollution through a structured workflow: (1) **Define exposure** for each location/age/sex/year (e.g., ambient PM2.5, ozone, NO2) using atmospheric/monitoring models and population-weighted exposure distributions; (2) **Select health outcomes and risk–cause mapping** within GBD’s cause-of-death hierarchy (e.g., ischemic heart disease, stroke, COPD, lung cancer, lower respiratory infections); (3) **Quantify the exposure–response relationship** using epidemiologic evidence synthesized into **risk functions** (often expressed as relative risks per concentration increment, with a specified **theoretical minimum risk exposure level**); (4) **Compute attributable fractions** for each outcome, stratum, and time point (PAF/AF derived from RR), then apply these to the modeled baseline burden for that outcome to obtain **attributable deaths and disease**; (5) **Convert to DALYs** by combining **YLL** (deaths × remaining life expectancy) and **YLD** (prevalent cases × disability weights), using GBD’s standard life tables and disability modeling; and (6) **Aggregate across causes and strata** to produce total attributable DALYs by pollutant, cause, and geography, while propagating **uncertainty** via statistical sampling/bootstrapping to generate uncertainty intervals for final estimates",5,5
JC-257,How does the EPA Exposure Factors Handbook incorporate gender-specific differences in body weight into exposure assessments?,The EFH provides gender-specific body weight data to account for biological differences in weight distribution between males and females. This differentiation improves the precision of dose calculations in exposure modeling.,"The EPA Exposure Factors Handbook (EFH) incorporates gender-specific differences by providing **sex-specific body weight defaults** for relevant **age groups** (e.g., separate male and female body weights for children and adults). In exposure/dose calculations, these sex-specific body weights are then used as the **denominator** (e.g., for inhalation or oral dose expressed as **mg/kg-day**, the intake is divided by **BW**), so the same environmental concentration yields a different dose for males vs. females when BW differs.

EFH also applies gender-specificity to other key exposure parameters where available—most notably **inhalation rates** (and, in some cases, activity-related breathing rates)—so sex differences can affect both **intake (numerator)** and **dose normalization (denominator)**. When sex-specific values are not available for a parameter, EFH typically uses **combined** (both-sex) defaults or documents the assumption",5,4
JC-258,"Discuss how differences in time-activity patterns between urban and rural populations can influence exposure to air pollutants, referencing the EPA Exposure Factors Handbook.","Urban populations may spend more time in environments with higher pollution levels (e.g., traffic-heavy areas), while rural populations may have higher exposure to agricultural chemicals. Time-activity data from the EFH can help quantify these differences.","The EPA Exposure Factors Handbook shows that exposure depends strongly on where people spend their time, especially indoors, outdoors, and in vehicles. Urban populations often spend more time in traffic and dense built environments, which can increase exposure to traffic-related pollutants like PM2.5, NO2, and ultrafine particles, while rural populations may spend relatively more time outdoors or near agricultural sources, shifting exposure toward dust, smoke, pesticides, or seasonal burning emissions. Because the handbook’s time-activity patterns vary by age, sex, and setting, these differences can meaningfully change both the magnitude and source profile of inhalation exposure",5,5
JC-259,How does the EPA Exposure Factors Handbook utilize ventilation rates in exposure modeling?,"Ventilation rates are used in exposure modeling to estimate inhalation exposure to airborne pollutants during various activity levels, such as rest, light activity, and heavy exercise. Higher activity levels result in increased ventilation rates and, consequently, higher exposure.","** The EPA Exposure Factors Handbook (2011, Chapters 3 and 6) provides default inhalation (ventilation) rates categorized by age, sex, and activity level — distinguishing between short-term rates by exertion (rest/sedentary ~0.4–0.6 m³/h, light ~1.5 m³/h, moderate ~2.5 m³/h, heavy ~4.8 m³/h for adult males) and long-term daily averages (e.g., adult ~15.7 m³/day, child 3–6 y ~10.1 m³/day). These rates serve as the intake rate (IR) parameter in the standard inhalation dose equation: **Dose = C × IR × ET / BW** (where C = concentration, ET = exposure time, BW = body weight), allowing modelers to convert an air concentration into a time-weighted daily intake or internal dose for a given age group, activity pattern, and exposure scenario (e.g., residential, occupational, or commuting)",5,5
JC-260,Discuss how differential susceptibility to air pollution exposure among children and elderly populations affects health impact assessments (HIA) in urban areas.,Children: Higher ventilation rates per body weight lead to greater pollutant intake; developing lungs are more vulnerable to damage. Elderly: Reduced physiological reserve and pre-existing conditions increase risk of adverse outcomes. HIA must account for these differences to accurately model health impacts.,"Differential susceptibility means that the same ambient air pollution concentration can produce larger health effects in children and the elderly than in healthier adults, so HIA results that assume a single “average” population can understate benefits (or overstate harms) for the most sensitive groups. In practice, this changes both the exposure–response relationship (steeper or shifted risk at the same concentration) and the way attributable health impacts are allocated across age strata.

Key ways this affects HIA in urban areas:

1. **Age-specific exposure and dose (not just concentration)**
   - **Children** often have higher inhalation rates per kg body weight, spend more time near ground-level sources (traffic, resuspended dust), and have developing lungs/immune systems. This can increase the *delivered dose* for PM and other inhaled pollutants even when outdoor concentrations are similar.
   - **Elderly** may have reduced lung function, comorbidities, and altered ventilation patterns; they may also spend more time indoors (where infiltration and indoor sources matter) and have different activity patterns.
   - **HIA implication:** Use age-stratified exposure factors (inhalation rate, time-activity patterns, indoor/outdoor assumptions) and, where possible, dose-based metrics rather than relying on concentration alone.

2. **Different baseline health status changes absolute risk**
   - The elderly frequently have higher baseline rates of cardiovascular and respiratory disease. Even if relative risks are similar, **absolute risk** (and thus attributable cases) can be much larger because the starting point is higher.
   - Children may have lower baseline chronic disease but can still show substantial impact through **susceptibility during development** (e.g., impaired lung growth, heightened response to inflammation/infections).
   - **HIA implication:** Combine susceptibility with baseline incidence/prevalence by age to estimate *absolute* health impacts and not just relative risk.

3. **Effect modification: susceptibility can steepen or shift risk**
   - For many pollutants (notably PM2.5, NO2, ozone), children and elderly can exhibit stronger associations with outcomes such as asthma exacerbations, respiratory symptoms, hospital admissions, and mortality.
   - **HIA implication:** Prefer effect estimates that are **age-appropriate** (or at least stratified by age group) and conduct sensitivity analyses showing how results change under plausible susc",5,5
JC-261,Under what conditions might the default US EPA exposure factors fail when applied to populations in other countries? Provide specific examples.,"US EPA defaults may fail when cultural practices, climate, or population-specific physiological factors differ significantly. For example, water ingestion rates may be underestimated in arid regions where hydration needs are higher, or soil ingestion rates may be inaccurate in regions with high pica prevalence. Additionally, time-activity patterns (e.g., time spent indoors versus outdoors) can vary due to occupational or lifestyle differences.","US EPA default exposure factors can fail when physiology, behavior, housing, climate, diet, occupations, or environmental conditions differ materially from U.S. populations. Examples include higher inhalation rates from biomass-cooking exposure in rural India or sub-Saharan Africa, greater soil/dust ingestion in informal settlements, much higher fish consumption in Arctic Indigenous or coastal Asian communities, lower body weights in some low-income populations, and different time-activity patterns such as more outdoor work in hot climates or less air-conditioned housing. They may also misrepresent risks where cultural practices create unique pathways, such as geophagy, use of traditional medicines/cosmetics containing metals, or reliance on contaminated private wells not reflected in U.S. defaults",5,5
JC-262,Discuss the role of air exchange rate and deposition rate in controlling indoor O₃ levels and their implications for health.,"Air exchange rate (AER) determines the influx of outdoor O₃ into indoor spaces. Higher AER increases indoor O₃ levels if outdoor concentrations are high. Deposition rate (k) refers to the loss of O₃ due to reactions with surfaces. Higher deposition rates reduce indoor O₃ levels. Balancing AER and k is critical in optimizing indoor air quality and minimizing health risks associated with O₃ exposure, such as respiratory irritation.","Indoor ozone (O₃) levels indoors are controlled primarily by (1) how much outdoor O₃ penetrates indoors and (2) how quickly O₃ is removed indoors. In a simple steady-state mass balance, indoor concentration can be written as a function of the outdoor concentration multiplied by a factor that depends on air exchange rate (AER) and the indoor deposition/removal rate (often represented as a first-order deposition/sink term, \(k_{dep}\)).  

**Role of air exchange rate (AER)**  
- **Higher AER generally increases indoor O₃** because more outdoor air (containing O₃) is brought indoors per unit time.  
- In the limiting case where indoor removal is weak (small \(k_{dep}\)), the indoor concentration approaches the outdoor concentration scaled by penetration (often near 1 for O₃), so **indoor O₃ tracks outdoor O₃ more closely**.  
- **Lower AER reduces indoor O₃** by limiting the rate at which outdoor O₃ enters. This is why homes with tighter envelopes or reduced ventilation often have lower indoor O₃ during high outdoor episodes.

**Role of deposition/removal rate (\(k_{dep}\))**  
- **Deposition rate acts as an indoor sink**: O₃ reacts with indoor surfaces and is removed from air by deposition to walls, floors, furnishings, and by reactions with indoor materials.  
- **Higher \(k_{dep}\)** lowers indoor O₃ by shortening the residence time of O₃ in indoor air. Even if outdoor air is high, strong indoor sinks can prevent indoor concentrations from rising as much.  
- In the limiting case of **very strong deposition** (large \(k_{dep}\)), indoor O₃ can be much lower than outdoor O₃ because O₃ is removed faster than it accumulates.

**Interplay between AER and deposition**  
- The key concept is **competition between “inflow” (driven by AER and penetration) and “removal” (driven by \(k_{dep}\))**.  
- When **AER is high relative to \(k_{dep}\)**, indoor O₃ is dominated by outdoor infiltration (higher indoor exposure).  
- When **\(k_{dep}\) is high relative to AER**, indoor O₃ is dominated by indoor removal (lower indoor exposure).  
- Practically, this means that two buildings with the same outdoor O₃ can have different indoor outcomes depending on ventilation tightness and the effectiveness of indoor sinks (surface characteristics, cleanliness, materials, and chemistry).

**Health implications**  
- **O₃ is a respiratory irritant**; higher indoor O₃ increases inhaled dose, especially for people spending time indoors during outdoor ozone peaks.  
- Because O₃ expos",5,5
JC-263,Explain the importance of using time-activity pattern data from the EPA Exposure Factors Handbook in evaluating exposure to indoor air pollutants.,"Time-activity pattern data are critical for estimating indoor air pollutant exposure because they provide insights into how much time individuals spend in specific environments. For example, adults typically spend around 90% of their day indoors, where pollutant concentrations can be higher. Incorporating these patterns allows for a more accurate assessment of cumulative exposure over time.","Time-activity pattern data from the EPA Exposure Factors Handbook are important because exposure depends not just on pollutant concentration, but on how long people spend in different microenvironments such as home, work, school, vehicles, and outdoors. Using these data makes indoor air exposure estimates more realistic, supports age-specific and population-specific assessments, and improves dose and risk calculations by accounting for differences in time spent indoors and activity-related breathing rates",5,5
JC-264,Discuss the role of air exchange rate and deposition rate in controlling indoor O₃ levels and their implications for health.,"Air exchange rate (AER) determines the influx of outdoor O₃ into indoor spaces. Higher AER increases indoor O₃ levels if outdoor concentrations are high. Deposition rate (k) refers to the loss of O₃ due to reactions with surfaces. Higher deposition rates reduce indoor O₃ levels. Balancing AER and k is critical in optimizing indoor air quality and minimizing health risks associated with O₃ exposure, such as respiratory irritation.","Indoor O₃ is governed by a mass balance where air exchange rate brings outdoor ozone indoors, while deposition rate removes ozone onto indoor surfaces. Higher AER can raise indoor O₃ when outdoor levels are elevated, but higher deposition lowers indoor O₃ by increasing loss to surfaces; together they determine the indoor/outdoor ratio. Health-wise, lower indoor O₃ generally means less airway irritation and oxidative stress, but simply increasing ventilation is not always protective if outdoor ozone is high",5,5
JC-265,"Determine the multi-route hazard quotient (HQ) for an adult exposed to lead via inhalation (5 µg/m³) and ingestion (10 µg/day). Assume inhalation rate of 15.7 m³/day, ingestion rate of 1053 mL/day, body weight of 80 kg, and RfD of 4 × 10⁻⁴ mg/kg/day.",HQ_inhalation = (C_inhalation × IR) / (RfD × BW); HQ_ingestion = (C_ingestion × IR_ingestion) / (RfD × BW); Total HQ = HQ_inhalation + HQ_ingestion = (5 × 15.7 / (4 × 10⁻⁴ × 80)) + (10 × 10⁻³ × 1.053 / (4 × 10⁻⁴ × 80)) = 0.49 + 0.33 = 0.82.,2.77,1,1
JC-266,How does particle size influence deposition in the tracheobronchial region of the respiratory tract according to the ICRP model?,"In the tracheobronchial region, particle size significantly influences deposition due to mechanisms like inertia and sedimentation. Larger particles (>5 μm) are more likely to deposit in this region due to their higher mass and momentum, while smaller particles (<1 μm) may bypass to the alveolar region unless airflow dynamics favor their capture.","In the ICRP model, tracheobronchial deposition is strongly size-dependent: larger particles generally deposit more by inertial impaction in the upper airways, while very small particles are less likely to deposit there and tend to penetrate deeper into the lungs. The tracheobronchial region typically shows a peak in deposition for intermediate-sized particles, with deposition falling off for both very small and very large sizes",3,3
JC-267,Explain how age-specific body weight data from the EPA Exposure Factors Handbook influences the estimation of chemical exposure risks.,"Age-specific body weight data allows for more accurate estimation of chemical exposure because it helps normalize the dose per unit body weight. This is especially important for children, as their smaller body weight and higher intake rates (e.g., air, water, food) per kilogram can result in higher exposure levels compared to adults.","Age-specific body weight from the EPA Exposure Factors Handbook is used to convert an external exposure amount into a normalized dose, typically mg/kg-day, so the same intake can imply very different risk for an infant, child, or adult. Because younger children have lower body weight and often relatively high intake rates for air, water, food, or soil per kilogram, their estimated dose per kg is often higher, which can increase calculated hazard quotients or cancer risk estimates. Using EFH age-specific defaults makes risk assessments more realistic, consistent, and protective across life stages",5,5
JC-268,What is the significance of air exchange rate in determining indoor concentrations of outdoor NO2?,"The air exchange rate determines how quickly outdoor air replaces indoor air, influencing the concentration of outdoor NO2 indoors. Higher air exchange rates can reduce indoor NO2 levels by diluting pollutants and facilitating their removal.","** Air exchange rate is significant because it controls the balance between NO₂ entry from outdoors and dilution removal; at low AER indoor NO₂ is strongly attenuated by deposition, while at high AER indoor levels approach outdoor levels, making AER the primary lever for managing infiltration of outdoor NO₂ into indoor environments",2,2
JC-269,What is the significance of interim targets (ITs) in the WHO AQG framework?,"Interim targets provide progressive steps toward achieving the AQG levels, helping countries with high pollution levels gradually reduce exposure while considering feasibility.","Interim targets (ITs) in the WHO Air Quality Guidelines are stepwise concentration levels set above the final guideline value to help countries and cities make practical, staged progress toward cleaner air. They are significant because they provide achievable policy benchmarks, especially where pollution is high, and each step downward is associated with meaningful public health benefits even before the full AQG level is reached",5,5
JC-270,Describe two indoor sources of NO₂ and explain their impact on indoor air quality.,"Gas stoves and unvented heaters are two common indoor sources of NO₂. Gas stoves emit NO₂ during combustion of natural gas, especially in poorly ventilated kitchens, leading to elevated NO₂ levels. Unvented heaters release combustion byproducts directly into the indoor environment, contributing to high NO₂ concentrations that can exceed health guidelines.","Two common indoor sources of NO₂ are gas stoves/ovens and unvented combustion heaters or fireplaces. They can raise indoor NO₂ levels, which degrades air quality and can irritate the airways, worsen asthma, and increase respiratory symptoms, especially in children and people with existing lung disease",5,5
JC-271,How does real-time GPS data improve the accuracy of personal exposure assessments?,"Real-time GPS data provides precise tracking of location and movement, enabling dynamic classification of microenvironments and accurate calculation of exposure as individuals move through different pollutant zones.","Real-time GPS data dramatically improves personal exposure assessment accuracy by replacing static residence-based or coarse time-activity-diary estimates with dynamic, location-resolved tracking of where a person actually spends their time. This eliminates spatial misclassification — for example, capturing time spent commuting (where in-vehicle concentrations often differ from home or work) and time in different microenvironments (indoors vs. outdoors, near roadways vs. parks). When GPS traces are spatially overlaid with high-resolution pollutant surfaces (e.g., land-use regression, satellite-derived PM₂.₅, or near-road NO₂ gradients), the resulting exposure metric reflects true spatiotemporal variability rather than assuming a single ambient concentration at a home address. Studies show this can shift individual exposure estimates by 20–50% compared to residence-only approaches, and substantially reduces Berkson-type error in epidemiological analyses, improving the statistical power to detect pollution-health associations",4,4
JC-272,What is the significance of interim targets (ITs) in the WHO AQG framework?,"Interim targets provide progressive steps toward achieving the AQG levels, helping countries with high pollution levels gradually reduce exposure while considering feasibility.","Interim targets (ITs) in the WHO Air Quality Guidelines (AQG) framework are stepwise concentration levels set between current air pollution and the final guideline values. They are significant because they provide practical, achievable milestones for governments and cities to reduce health risks over time, support phased policy planning (so action can start before reaching the ultimate guideline), and help track progress by linking incremental improvements in air quality to expected health benefits",5,5
JC-273,"Explain how indoor PM2.5 concentrations would respond to an increase in outdoor concentrations during a wildfire event, assuming a constant AER and no indoor sources.","Indoor concentrations would increase proportionally to outdoor levels, modified by the infiltration efficiency and removal mechanisms (AER and deposition). The time to reach steady-state depends on τ = 1/(AER + k).","With constant AER and no indoor sources, indoor PM2.5 will rise as outdoor PM2.5 rises, approximately in proportion to the outdoor concentration. In the simplest steady-state case with no deposition and perfect penetration, indoor concentration tracks outdoor concentration; with deposition or imperfect penetration, the indoor increase is damped, so indoor levels remain lower than outdoors but still increase during the wildfire event",4,4
JC-274,How do food ingestion rates provided in the EPA Exposure Factors Handbook help in dietary exposure assessments?,"Food ingestion rates serve as a basis for estimating the intake of contaminants through diet. By stratifying rates by age, gender, and body weight, the EPA enables more accurate predictions of dietary exposure. For instance, children tend to consume more food relative to their body weight, increasing their potential intake of contaminants like pesticides.","EPA Exposure Factors Handbook food ingestion rates provide standardized estimates of how much of specific foods people eat, often by age or population group. In dietary exposure assessments, these rates are combined with contaminant concentrations in food to estimate intake dose, helping assess average or high-end exposures when site-specific consumption data are unavailable",4,4
JC-275,What methodological approaches can be used to address exposure measurement error in air pollution epidemiology?,Approaches include: (1) using personal monitoring devices to improve individual-level exposure assessment; (2) applying spatiotemporal models to refine ambient exposure estimates; (3) leveraging biomarkers to validate exposure; and (4) sensitivity analyses to quantify the impact of misclassification.,"Common approaches include improving exposure assessment itself, quantifying error, and correcting for it analytically. In practice this means using higher-resolution spatiotemporal models (e.g., LUR, satellite, dispersion, fusion models), personal/indoor microenvironment data, validation or panel substudies, and then applying methods such as regression calibration, Bayesian measurement-error models, SIMEX, hierarchical models, instrumental-variable/negative-control strategies, and sensitivity analyses that distinguish classical vs Berkson error and differential vs nondifferential misclassification. Repeated measurements, ensemble exposure models, and validation against monitors or personal sensors are also widely used to reduce bias and better propagate uncertainty into health-effect estimates",5,5
JC-276,How does the EPA Exposure Factors Handbook incorporate age-specific skin surface area data into dermal exposure assessments?,"The handbook provides age-specific skin surface area estimates based on body weight and height, recognizing that children have proportionally larger surface areas relative to their body mass. This data is crucial for dermal exposure assessments as it determines the extent of pollutant contact, especially for substances that interact directly with the skin.","The EPA Exposure Factors Handbook provides age- and life-stage-specific skin surface area values, typically as total body area and sometimes body-part-specific areas, which are used as input parameters in dermal exposure equations. In practice, assessors combine the relevant skin area with contact frequency, adherence/loading, and dermal absorption assumptions to estimate absorbed dose, allowing children, adolescents, and adults to be assessed with age-appropriate rather than adult-default skin area values",4,4
JC-277,Why are pregnant women considered a susceptible population group in air pollution health impact assessments?,"Pregnant women are considered susceptible because air pollution exposure can harm fetal development, leading to outcomes such as low birth weight, preterm birth, and developmental delays. Physiological changes during pregnancy also increase vulnerability.","Pregnant women are considered susceptible because pregnancy causes physiologic changes that can increase pollutant dose and vulnerability, and because exposure can affect both the mother and the developing fetus. Air pollution has been associated with adverse outcomes such as preterm birth, low birth weight, hypertensive disorders, and impaired fetal development, so this group is treated as higher-risk in health impact assessments",5,5
JC-278,What are the advantages of using real-time GPS tracking in personal exposure studies compared to static location tracking?,"Real-time GPS tracking captures dynamic movement patterns, allowing for a more granular analysis of exposure variability over time and across different microenvironments. Unlike static tracking, it enables the identification of transient high-exposure events, such as passing through heavily polluted areas during commutes.","Real-time GPS tracking gives much better temporal and spatial detail, so it captures movement, route changes, and short-term exposure peaks that static location tracking can miss. It also reduces exposure misclassification by linking people to the environments they actually occupy, not just a single home or workplace address, and it helps identify microenvironments and activity patterns that drive exposure",5,5
JC-279,"Determine the indoor PM2.5 concentration after 2 hours if the initial concentration is 100 µg/m³, the outdoor concentration is 50 µg/m³, AER is 0.4 h⁻¹, and deposition rate is 0.1 h⁻¹.",C_t = C_ss + (C_0 - C_ss)·e^(-t/τ); τ = 1/(AER + k) = 1/(0.4+0.1) = 2 h; C_ss = (P·AER·C_out)/(AER + k) = 50; C_t = 50 + (100-50)·e^(-2/2) = 50 + 50·e^(-1) ≈ 68.2 µg/m³.,50 + (100 − 50)·e^−(0.4+0.1)·2 = 50 + 50·e^−1 ≈ **68.4 µg/m³,5,5
JC-280,Discuss how BenMAP software quantifies health impacts of air pollution exposure and the role of concentration-response functions in this process.,"BenMAP estimates health impacts by combining air pollution concentration data, population demographics, baseline health incidence rates, and concentration-response functions derived from epidemiological studies. These functions link pollutant levels to specific health outcomes.","BenMAP estimates health impacts by combining modeled or monitored changes in pollutant concentrations with population data, baseline disease rates, and epidemiologic concentration-response relationships. It applies concentration-response functions to translate a change in exposure into an estimated change in health outcomes such as premature mortality, hospital admissions, or asthma symptoms",5,5
JC-281,What is the significance of the counterfactual or baseline exposure level in health impact assessments?,"The counterfactual exposure level represents the hypothetical level of exposure (e.g., the WHO air quality guideline) at which no or minimal health impacts are expected. It is significant because it serves as a reference point for estimating the additional health burden attributable to current exposure levels.","In health impact assessments, the counterfactual (baseline) exposure level represents the amount of exposure that would occur in the absence of the intervention or scenario being evaluated. It defines what portion of the observed risk is considered “attributable” to the exposure change (i.e., impacts are typically estimated as risk above the baseline), so choosing a higher vs. lower baseline can substantially change the magnitude of estimated health benefits or burdens",4,3
JC-282,Explain how age and activity level influence inhalation rates as outlined in the EPA Exposure Factors Handbook.,"Inhalation rates increase with physical activity due to higher ventilation demands. Additionally, age affects rates, with children having higher rates per unit body weight compared to adults due to higher metabolic demands.","In the EPA Exposure Factors Handbook, inhalation rates generally increase with age from infancy through adolescence, then level off in adulthood. For long-term defaults, rates are about 5.4 m³/day for infants, 8.0 for ages 1–2, 10.1 for ages 3–6, 12.0 for ages 6–11, 15.2 for ages 11–16, 16.3 for ages 16–21, and about 15.7 m³/day for adults overall. Activity level also matters: higher activity means higher breathing rates, with approximate activity rates of 1.5 m³/h for light, 2.5 for moderate, and 4.8 for heavy activity in males, with female rates about 30% lower",4,4
JC-283,Why is time-weighted averaging (TWA) important in exposure assessments using GPS and wearable sensor data?,"TWA accounts for varying pollutant concentrations and time spent in different microenvironments, providing a composite exposure estimate over a specified duration. It ensures that exposure assessments reflect the individual's actual spatiotemporal activity patterns.","Time-weighted averaging (TWA) is important because GPS and wearable sensors produce exposure estimates that change over time and location (e.g., commuting vs. indoors, different microenvironments), and health effects are typically related to an exposure over a defined period rather than instantaneous peaks. TWA converts these time-varying measurements into a single exposure metric that (1) preserves the influence of time spent in each microenvironment, (2) aligns with how epidemiologic studies and regulatory health endpoints are defined (daily/weekly/annual averages), and (3) improves comparability across people and studies by using a consistent averaging window and methodology",5,5
JC-284,"Identify three key health outcomes commonly assessed in global burden of disease (GBD) studies related to air pollution exposure, and explain their relevance.","Cardiovascular diseases (e.g., ischemic heart disease, stroke), respiratory diseases (e.g., COPD, asthma), and lung cancer. These outcomes are major contributors to morbidity and mortality globally and have strong evidence linking them to air pollution exposure.","Three key health outcomes commonly assessed in GBD studies related to air pollution exposure are:

1) **Ischemic heart disease (IHD)** — Air pollution (especially PM2.5) increases cardiovascular risk via systemic inflammation, oxidative stress, and effects on blood vessels, making IHD a major contributor to premature mortality.

2) **Stroke** — Similar cardiovascular and vascular mechanisms (e.g., endothelial dysfunction, pro-thrombotic changes) link air pollution exposure to higher stroke incidence and death, so it is a central outcome for estimating health impacts.

3) **Chronic obstructive pulmonary disease (COPD)** — Long-term exposure to air pollution contributes to chronic lung inflammation and impaired lung function, making COPD a key outcome for capturing respiratory morbidity and long-term disability",5,4
JC-285,What biases might arise from using default uncertainty factors (UFs) in deriving RfD and RfC values for sensitive subpopulations?,Default UFs may overestimate or underestimate risks for sensitive subpopulations due to variability in toxicodynamics and exposure-response relationships. They may not account for specific genetic or physiological vulnerabilities.,"Default uncertainty factors (UFs) can introduce bias because they are generic, multiplicative “safety buffers” that may not match the actual toxicokinetic/dynamic differences and exposure realities of specific sensitive subpopulations. Key bias mechanisms include: (1) **Over-protection bias** if the chosen UF is larger than needed for that subgroup (e.g., the subgroup’s sensitivity is already captured by the critical study or is driven by exposure circumstances rather than inherent biology), leading to overly conservative RfD/RfC and misallocation of resources; (2) **Under-protection bias** if the default UF structure doesn’t cover the dominant uncertainty for that subgroup (e.g., special susceptibility mechanisms like developmental windows, genetic polymorphisms, comorbidities, or vulnerable life stages not well represented in the database), yielding RfD/RfC that are insufficient; (3) **Mis-specification bias** when the UF assumptions (data gaps, interspecies extrapolation, human variability) don’t align with the true source of uncertainty—so the “wrong” component gets inflated; and (4) **Heterogeneity mismatch**: “sensitive subpopulation” is not always the same as the group represented by the default human variability factor, so the resulting RfD/RfC may be biased toward the wrong tail of the susceptibility distribution (either too high or too low)",5,5
JC-286,Why is the elderly population (>65 years) often identified as susceptible in studies on air pollution health impacts?,"Elderly individuals are susceptible due to reduced physiological reserves, higher prevalence of chronic diseases, and diminished ability to recover from health insults. This makes them more prone to severe outcomes like cardiovascular and respiratory diseases from air pollution exposure.","Elderly adults (>65) are often treated as “susceptible” in air-pollution studies because they have higher baseline risk of cardiopulmonary disease (e.g., COPD, heart failure, ischemic heart disease) and reduced physiologic reserve, so the same pollutant exposure is more likely to trigger illness or death. They also tend to have age-related changes in immune function and lung function, higher prevalence of comorbidities and frailty, and more medication interactions/health-care needs—factors that increase vulnerability to pollution-related inflammation, oxidative stress, and acute exacerbations",5,5
JC-287,"How does the BenMAP tool estimate mortality and morbidity impacts of air pollution, and what are its critical inputs?","BenMAP estimates health impacts by applying exposure-response functions to population data and air pollution levels. Key inputs include baseline health incidence rates, population demographics, air quality data, and exposure-response coefficients. The tool models changes in health outcomes under various scenarios, allowing policymakers to assess the benefits of air quality interventions.","BenMAP (Environmental Benefits Mapping and Analysis Program) estimates mortality and morbidity impacts using **health impact functions (HIFs)** — integrated epidemiological, demographic, and air quality relationships. The core formula is:

\[
\Delta \text{Incidence} = \text{Population} \times \text{Baseline Incidence Rate} \times \left(1 - e^{-\beta \cdot \Delta C}\right)
\]

where \(\beta\) is the effect coefficient from a concentration–response (C-R) function and \(\Delta C\) is the change in pollutant concentration (typically PM₂.₅ or O₃) between a baseline and a control scenario.

**Critical inputs:**

1. **Air quality surfaces** – gridded/modeled concentrations (e.g., from CMAQ, observations) for both the baseline and the policy/control scenario.
2. **Concentration–response (C-R) functions** – drawn from peer-reviewed epidemiological studies (e.g., log-linear or log-log risk models for PM₂.₅ all-cause mortality, ozone respiratory hospital admissions). These supply the \(\beta\) coefficient and specify the functional form.
3. **Baseline incidence rates** – the background rate of each health endpoint (deaths per 100,000, hospital admissions per 100,000, asthma exacerbation counts, etc.), often from national health statistics (e.g., CDC, HCUP).
4. **Population data** – spatially resolved (census block or tract-level) population counts, often stratified by age group because C-R functions and baseline rates are age-specific.
5. **Optional valuation functions** – willingness-to-pay or cost-of-illness estimates that monetize avoided cases (used in the subsequent benefits analysis, though not required for the health impact estimate itself).

For mortality, BenMAP typically applies the log-linear HIF to estimate premature deaths attributable to a change in long-term PM₂.₅. For morbidity, it estimates endpoints such as acute myocardial infarction, asthma emergency department visits, hospital admissions for respiratory/cardiovascular causes, school loss days, and work loss days, each with its own C-R function and baseline rate. The tool aggregates results over the entire population grid and can produce spatially mapped health impact and economic benefit outputs",5,5
JC-288,Describe how gender-specific body weight data in the EPA Exposure Factors Handbook impacts dietary exposure assessments.,"Gender-specific body weight data are vital for dietary exposure assessments because they allow for the calculation of ingestion rates that account for physiological differences between males and females. For instance, males tend to have higher body weights, which may result in lower per-kilogram exposure when consuming the same amount of a contaminant as females.","Gender-specific body weight data in the EPA Exposure Factors Handbook (EFH 2011, Chapter 8) directly influence dietary exposure assessments because dose is calculated as intake ÷ body weight. The EFH provides separate adult defaults: **males = 86.4 kg**, **females = 73.9 kg**, and a **combined = 80 kg**. For the same dietary ingestion rate (e.g., mg food/day × contaminant concentration), a female would receive a **~17% higher dose on a mg/kg-day basis** than a male simply due to lower body weight. If a risk assessor uses only the combined BW (80 kg), the average male's risk may be slightly overestimated and the average female's risk underestimated. This matters for two key reasons: (1) **demographic-specific risk characterization** — when assessing exposure for a predominantly female population (e.g., pregnant women, elderly women), using the combined BW can underestimate risk; and (2) **aggregate and cumulative risk** — because dietary exposure is one of many routes (along with inhalation and dermal), the choice of sex-specific vs. combined BW shifts the total hazard index or cumulative cancer risk for different subpopulations. The EFH thus enables a more refined, **demographically representative** assessment rather than a one-size-fits-all approach, consistent with EPA's 1992 Guidelines for Exposure Assessment and RAGS Part A guidance on identifying potentially sensitive subgroups",5,5
JC-289,"A person spends 18 hours indoors and 6 hours outdoors on weekdays, but 12 hours indoors and 12 hours outdoors on weekends. If the indoor concentration is 40 µg/m³ and the outdoor concentration is 20 µg/m³, calculate the weekly average exposure.",Weekday TWA = 40 µg/m³ * (18/24) + 20 µg/m³ * (6/24) = 30 µg/m³. Weekend TWA = 40 µg/m³ * (12/24) + 20 µg/m³ * (12/24) = 30 µg/m³. Weekly average = (30 µg/m³ * 5 + 30 µg/m³ * 2) / 7 = 30 µg/m³.,31.4 µg/m³,5,5
JC-290,Discuss how age-specific inhalation rates provided in the EPA Exposure Factors Handbook can impact risk assessments for airborne pollutants in children versus adults.,"Age-specific inhalation rates acknowledge that children breathe more air relative to their body weight compared to adults, which can increase their exposure to airborne pollutants. This factor is critical when assessing health risks in vulnerable populations like children.","Age-specific inhalation rates matter because risk assessments estimate inhaled dose as concentration × breathing rate × time, so a higher inhalation rate increases estimated exposure for the same air concentration. In EPA Exposure Factors Handbook defaults, children often have lower absolute daily inhalation rates than adults, but because they also have lower body weight and different activity patterns, their dose per kg can be higher, which can increase estimated risk. Using age-specific values helps avoid underestimating risk in children and overgeneralizing adult exposure assumptions to all age groups",5,5
JC-291,"A person spends 18 hours indoors and 6 hours outdoors on weekdays, but 12 hours indoors and 12 hours outdoors on weekends. If the indoor concentration is 40 µg/m³ and the outdoor concentration is 20 µg/m³, calculate the weekly average exposure.",Weekday TWA = 40 µg/m³ * (18/24) + 20 µg/m³ * (6/24) = 30 µg/m³. Weekend TWA = 40 µg/m³ * (12/24) + 20 µg/m³ * (12/24) = 30 µg/m³. Weekly average = (30 µg/m³ * 5 + 30 µg/m³ * 2) / 7 = 30 µg/m³.,33.6 µg/m³,1,2
JC-292,How do PBPK models utilize biomarker data to predict internal doses?,"PBPK models integrate biomarker data, such as blood concentrations, to calibrate and validate predictions of the absorption, distribution, metabolism, and excretion of chemicals. Biomarker data help refine model parameters to improve accuracy in estimating internal doses.","PBPK models use biomarker data such as blood, urine, or breath concentrations to calibrate and validate model parameters describing absorption, distribution, metabolism, and excretion. They can then perform forward prediction or reverse dosimetry to estimate the internal dose metrics of interest—such as target-tissue concentration, peak level, or AUC—from measured biomarkers and exposure scenarios",5,5
JC-293,Describe how GPS trajectory data can be combined with real-time air quality sensor data to improve estimates of personal exposure to air pollutants during commuting.,"GPS trajectory data provides spatial and temporal information about an individual's movement, allowing the identification of microenvironments (e.g., transit, outdoors). Real-time air quality sensors capture pollutant levels in these microenvironments. By integrating the two datasets, exposure estimates can account for dynamic variations in pollutant concentrations and time spent in different locations, leading to a more accurate time-weighted average exposure.","GPS trajectory data can be map-matched to routes, travel modes, and microenvironments such as roadway, bus, train, walking, or indoor transfer spaces, then synchronized with time-stamped air quality data from portable, roadside, or nearby fixed sensors. By assigning pollutant concentrations to each location and minute of travel, and optionally adjusting for factors like ventilation, infiltration, and time spent in each segment, researchers can calculate a time-weighted personal exposure that captures short-term peaks and route-specific differences much better than home-area or central-site averages alone",5,5
JC-294,Under what conditions might the default US EPA exposure factors fail when applied to populations in other countries? Provide specific examples.,"US EPA defaults may fail when cultural practices, climate, or population-specific physiological factors differ significantly. For example, water ingestion rates may be underestimated in arid regions where hydration needs are higher, or soil ingestion rates may be inaccurate in regions with high pica prevalence. Additionally, time-activity patterns (e.g., time spent indoors versus outdoors) can vary due to occupational or lifestyle differences.","The default US EPA exposure factors can fail when the target population differs substantially from the US reference population in age structure, body size, activity patterns, housing, climate, diet, or water use. For example, they may misrepresent exposure in countries with much higher outdoor time and commuting by walking/cycling, colder or hotter climates that change ventilation and indoor time, or different housing/ventilation conditions that alter indoor pollutant infiltration. They can also be poor fits where average body weight, inhalation rate, drinking-water intake, or soil/dust ingestion differ markedly, such as in undernourished populations, very young children with different behaviors, or communities with pica or high hand-to-mouth contact",5,5
JC-295,"Given outdoor PM2.5 of 50 µg/m³, AER=0.8/h, P=0.9, k=0.2/h, indoor source S=400 µg/h, room V=60 m³, calculate the steady-state indoor PM2.5 concentration.",C_in = (0.9*0.8*50 + 400/60)/(0.8+0.2) = (36 + 6.67)/1.0 = 42.67 µg/m³,42.7 µg/m³,5,5
JC-296,How does the Multiple-Path Particle Dosimetry (MPPD) model improve upon simpler models in estimating particle deposition in the respiratory system?,"The MPPD model accounts for complex airflow patterns and anatomical differences within the respiratory tract, providing detailed predictions of particle deposition in different regions. It also considers factors like particle size, shape, and density.","The MPPD model improves upon simpler deposition models by incorporating an anatomically realistic, multi-generational branching airway structure (based on ICRP-66 morphometry) rather than treating the lung as a single well-mixed compartment. It explicitly models the three dominant deposition mechanisms—impaction, sedimentation, and diffusion—as functions of particle size, airway geometry, and breathing conditions (resting vs. light vs. heavy activity), allowing size- and region-specific predictions (head, tracheobronchial, alveolar) that simpler models cannot resolve. This enables more accurate dosimetry for health risk assessment, particularly for submicron and ultrafine particles where diffusion dominates and regional deposition matters",4,4
JC-297,Explain how particle size influences deposition fractions in the alveolar region based on the ICRP respiratory tract model.,"Particle deposition in the alveolar region is primarily influenced by diffusion, which increases with smaller particle sizes (<0.1 μm). Larger particles (>1 μm) are less likely to reach the alveoli due to impaction and sedimentation in the upper airways.","Particle size strongly controls the *alveolar-region* deposition fraction in the ICRP respiratory tract model (implemented in MPPD) because different physical transport mechanisms dominate at different aerodynamic diameters:

- **Very small particles (ultrafine; typically < ~0.01–0.02 µm): diffusion dominates.** Brownian diffusion drives particles out of the airstream and into the airways/alveolar region, so **alveolar deposition increases as particle size decreases into the diffusion-dominated range**.
- **Intermediate particles (~0.02–0.1 µm): diffusion is weaker and impaction/interception are still limited.** Deposition in the alveolar region tends to be **lower than at the diffusion peak**, often reaching a **local minimum** or relatively reduced fraction.
- **Larger particles (≈0.1–1+ µm): sedimentation dominates.** As particle size increases, gravitational settling becomes more effective, so **alveolar deposition generally increases again** because particles have more time to settle into the alveolar region.
- **Coarser particles (larger aerodynamic sizes): impaction in the conducting airways increases.** For sufficiently large particles, more material is lost before reaching the alveolar region (via inertial impaction in the head/bronchial regions). Thus, **the alveolar deposition fraction can decrease at the largest sizes** even though total deposition elsewhere may rise.

In short, the ICRP/MPPD alveolar deposition fraction vs. particle size is typically **non-monotonic**: it rises in the **diffusion** regime (small sizes), drops in an **intermediate** range, rises again in the **sedimentation** regime (larger sizes), and may fall again at the **largest** sizes due to increased upstream impaction losses",3,4
JC-298,"Using WHO AQG daily PM2.5 target of 15 µg/m³, determine whether a monitoring dataset with daily values of [10, 20, 18, 12, 15, 14, 16 µg/m³] meets the guideline.",Mean daily concentration = (10+20+18+12+15+14+16)/7 = 15 µg/m³; the dataset meets the guideline.,"False

The WHO AQG daily (24-hour) target is **15 µg/m³**; the dataset includes values **20, 18, and 16 µg/m³**, which exceed 15 µg/m³. Therefore, it does **not** meet the guideline",1,1
JC-299,Describe the primary reason for the WHO's tightening of the annual NO2 guideline from 40 µg/m³ in 2005 to 10 µg/m³ in 2021.,The guideline was tightened due to emerging evidence of significant cardiovascular and respiratory effects at lower NO2 concentrations than previously understood.,"The primary reason was that newer epidemiological evidence showed adverse health effects from NO₂ exposure at concentrations well below the 2005 guideline (including effects on respiratory morbidity and mortality), indicating that the earlier 40 µg/m³ level was not sufficiently protective",5,4
JC-300,Discuss the potential biases introduced by using population-average time-activity patterns in exposure models. How can individual-level trajectory data improve model accuracy?,"Population averages ignore individual variability, leading to misclassification of exposure for outliers. Individual trajectory data can capture specific behaviors and environments, improving model precision but requiring more data processing.","Population-average time-activity patterns can bias exposure estimates because they assume everyone has the same schedule and microenvironment allocation. This can misrepresent (1) the timing of exposure (e.g., rush-hour commuting vs. flexible work), (2) the distribution of time across microenvironments (home vs. outdoors vs. workplace), (3) correlations between activity and concentration (people who spend more time outdoors often also experience higher ambient levels), and (4) heterogeneity by subgroup (age, occupation, mobility, housing type). As a result, models may systematically over- or under-estimate both the mean exposure and the exposure variability (and therefore risk), especially when exposure is non-linear with concentration or when peaks drive health outcomes.

Individual-level trajectory data (GPS + time stamps, optionally paired with personal sensors or location-specific concentration fields) improves accuracy by replacing population averages with person-specific time-location histories. This allows the model to (1) assign exposures to the correct microenvironments and times, (2) capture within-person variability and peak exposures, (3) preserve individual differences and correlations between behavior and ambient/indoor concentrations, and (4) quantify exposure distributions more realistically (better uncertainty and risk characterization)",5,5
JC-301,Describe two indoor sources of NO₂ and explain their impact on indoor air quality.,"Gas stoves and unvented heaters are two common indoor sources of NO₂. Gas stoves emit NO₂ during combustion of natural gas, especially in poorly ventilated kitchens, leading to elevated NO₂ levels. Unvented heaters release combustion byproducts directly into the indoor environment, contributing to high NO₂ concentrations that can exceed health guidelines.","** Two major indoor sources of nitrogen dioxide (NO₂) are unvented gas stoves and tobacco smoke. Gas stoves and ovens produce NO₂ as a byproduct of high-temperature combustion of natural gas, with emissions influenced by burner flame temperature and gas composition; peak indoor NO₂ concentrations can exceed 200–400 µg/m³ during cooking episodes, far above the WHO 24-hour guideline of 25 µg/m³. Environmental tobacco smoke (secondhand smoke) also releases NO₂ as a combustion product, contributing to chronically elevated indoor levels in smoking households. Both sources degrade indoor air quality significantly: NO₂ is a respiratory irritant that can exacerbate asthma, reduce lung function, and increase susceptibility to respiratory infections, particularly in children and individuals with pre-existing respiratory conditions. Because people spend ~70% of their time indoors, these indoor sources often dominate personal exposure to NO₂",5,4
JC-302,How does the Multiple-Path Particle Dosimetry (MPPD) model estimate particle deposition fractions in the respiratory tract?,"The MPPD model uses computational algorithms to simulate airflow, particle behavior, and deposition mechanisms based on particle size, breathing patterns, and anatomical parameters. It provides detailed predictions of deposition fractions for different regions of the respiratory tract, including alveolar and tracheobronchial zones.","The MPPD model estimates deposition fractions by simulating how inhaled particles move through a branching respiratory tract and deposit by impaction, sedimentation, and diffusion in different regions (head, tracheobronchial, and alveolar). It combines particle size, breathing pattern, airway geometry, and airflow conditions to calculate regional and total deposition fractions",5,5
JC-303,Explain why the I/O ratio of PM10 is typically higher than PM2.5 in areas with significant indoor dust sources.,"PM10 is more influenced by resuspension from indoor surfaces due to its larger size, whereas PM2.5 primarily infiltrates from outdoor air.","** The I/O ratio for PM10 is typically higher than for PM2.5 in settings with significant indoor dust sources because coarse particles (PM₂.₅–₁₀) are dominated by mechanically generated aerosols — human activity like walking, resuspension from flooring, cleaning, and settled dust disturbance — whereas fine particles (PM₂.₅) arise mainly from combustion and regional infiltration. Indoor dust sources (e.g., foot traffic, sweeping, pet dander, soil tracked indoors) resuspend and emit mostly coarse-mode particles, elevating indoor PM₁₀ concentrations more than PM₂.₅. At the same time, coarse particles have higher gravitational settling velocities, so the outdoor-to-indoor penetration factor (P) for PM₁₀ is lower than for PM₂.₅; however, the strong indoor source term (S in the mass-balance equation) overwhelms this, driving the I/O ratio above 1 for PM₁₀ while PM₂.₅ remains closer to or just above 1",5,5
JC-304,Discuss the role of air exchange rate and indoor surface area in determining the decay of indoor O₃ levels over time. Include the relevant equations.,"The decay of indoor O₃ is governed by AER and surface deposition. The decay rate constant (k) combines AER and deposition: k = AER + k_surface. Increased AER enhances outdoor O₃ inflow but also accelerates removal. Larger surface areas increase deposition, lowering O₃ levels.","Indoor ozone (O₃) in a room typically decays according to a well-mixed mass balance where **ventilation (air exchange rate, AER)** removes indoor air (and thus O₃) and **indoor surfaces** provide a **first-order loss (deposition/sink)**. The key is that both processes contribute to an **effective first-order decay constant**.

## 1) Governing indoor mass balance (well-mixed)
Let:
- \(C(t)\) = indoor O₃ concentration (e.g., µg/m³)
- \(C_{out}\) = outdoor O₃ concentration
- \(V\) = indoor volume (m³)
- \(Q\) = ventilation flow rate (m³/h), with **AER** defined as \( \text{AER} = Q/V\) (h⁻¹)
- \(k\) = first-order surface loss rate coefficient (h⁻¹) representing deposition/reactivity to indoor surfaces (often written as \(k = \frac{v_d A}{V}\), where \(v_d\) is a deposition velocity and \(A\) is total reactive surface area)

A common form is:
\[
\frac{dC}{dt}=\underbrace{\frac{Q}{V}(C_{out}-C)}_{\text{ventilation exchange}}-\underbrace{k\,C}_{\text{surface loss}}
\]
Equivalently, using AER:
\[
\frac{dC}{dt}=\text{AER}\,(C_{out}-C)-kC
\]
\[
\Rightarrow \frac{dC}{dt}= \text{AER}\,C_{out}-(\text{AER}+k)C
\]

## 2) Time-dependent solution (exponential approach/decay)
Solving the linear ODE gives:
\[
C(t)=C_{ss}+\left[C(0)-C_{ss}\right]e^{-(\text{AER}+k)t}
\]
where the steady-state concentration is:
\[
C_{ss}=\frac{\text{AER}}{\text{AER}+k}\,C_{out}
\]

### Pure decay case (no outdoor replenishment)
If outdoor air is effectively zero or you consider a “decay after removal” scenario with \(C_{out}\approx 0\), then:
\[
C(t)=C(0)\,e^{-(\text{AER}+k)t}
\]
So the **decay rate constant** is:
\[
\lambda = \text{AER}+k
\]
and the **half-life** is:
\[
t_{1/2}=\frac{\ln 2}{\text{AER}+k}
\]

## 3) Role of air exchange rate (AER)
- **Increasing AER increases \(\lambda\)** directly, because ventilation removes indoor O₃ at a rate proportional to how quickly indoor air is replaced.
- Therefore, higher AER leads to **faster exponential decay** (shorter half-life) and also increases the fraction of time-varying behavior driven by outdoor conditions.

## 4) Role of indoor surface area
Surface loss is often modeled as:
\[
k=\frac{v_d A}{V}
\]
- \(A\) = total indoor surface area available for O₃ uptake (m²)
- \(v_d\) = effective deposition velocity (m/h), capturing reactivity/transfer to surfaces
- \(V\) = room volume (m³)

Thus:
\[
\lambda = \text{AER}+\frac{v_d A}{V}
\]
So:
- **Increasing surface area \(A\)** increases \(k\), which increases \(\lambda\), producing **faster decay** ",5,5
JC-305,Explain the role of time-activity diaries in validating GPS-based microenvironment classifications for exposure assessment.,"Time-activity diaries provide self-reported data on an individual's location and activities, which can be compared with GPS-derived classifications to verify accuracy. They help identify errors or gaps in GPS data, such as misclassified locations or missing time periods.","Time-activity diaries (TADs) serve as the primary reference or ""ground truth"" for validating GPS-based microenvironment classification by providing self-reported, timestamped logs of where a participant was (e.g., indoors at home, outdoors walking, inside a vehicle) and what activity they were doing. Researchers can compare the microenvironment labels algorithmically assigned from GPS data (e.g., using speed thresholds for in-vehicle, signal loss for indoors, point-in-polygon for building footprints) against the concurrent TAD entries to compute agreement metrics such as sensitivity, specificity, positive predictive value, and Cohen's kappa. While TADs are imperfect — subject to recall error, missing entries, and low temporal resolution relative to GPS logging — they remain the most widely accepted validation tool because they capture context that raw GPS coordinates alone cannot (e.g., ""indoor at work"" vs. ""indoor at home""), enabling error diagnosis and refinement of classification algorithms",5,5
JC-306,How does particle size influence deposition in the tracheobronchial region of the respiratory tract according to the ICRP model?,"In the tracheobronchial region, particle size significantly influences deposition due to mechanisms like inertia and sedimentation. Larger particles (>5 μm) are more likely to deposit in this region due to their higher mass and momentum, while smaller particles (<1 μm) may bypass to the alveolar region unless airflow dynamics favor their capture.","Particle size strongly controls TB-region deposition in the ICRP (ICRP-66/66-style) model through the balance of three mechanisms: **inertial impaction**, **sedimentation**, and (for very small sizes) **diffusion**.

- **Larger particles (roughly > ~5–10 µm):** deposition in the **tracheobronchial (TB) region increases** because **inertial impaction** becomes more effective as aerodynamic diameter increases, causing particles to deviate from streamlines and impact on airway walls.
- **Intermediate particles (~1–5 µm):** TB deposition is often **near a maximum or moderate**, with **sedimentation** contributing more as size increases (sedimentation grows with particle size), while impaction is still relevant.
- **Smaller particles (< ~1 µm):** TB deposition **decreases** because **sedimentation is weak**; instead, these particles tend to **penetrate deeper** into the lungs (and for the smallest sizes, **diffusion** dominates overall deposition but is more characteristic of the upper regions than TB).

In short: **ICRP predicts higher TB deposition for larger particles due to impaction (and increasing sedimentation), with a decline for submicron particles as sedimentation/impaction weaken and particles penetrate further",4,4
JC-307,What is the significance of counterfactual exposure levels in health impact assessments (HIA)?,"Counterfactual exposure levels represent the baseline or ideal exposure scenario against which actual pollutant exposure is compared. They are crucial in HIA for estimating the excess health burden attributable to air pollution and identifying potential benefits of achieving lower pollutant levels, such as those recommended by guidelines like WHO AQGs.","Counterfactual exposure levels are the hypothetical “what-if” baseline used in HIA to represent the exposure that would occur in the absence of the risk factor or under a lower, alternative scenario. They are significant because the estimated health burden is calculated as the difference between observed exposure and this counterfactual, so the choice of counterfactual directly determines the attributable cases, deaths, or DALYs",5,5
JC-308,How can time-weighted average (TWA) exposure estimates account for varying activity intensities using GPS and wearable sensor data?,"TWA exposure estimates can incorporate activity intensities by using GPS data to determine time spent in specific locations and wearable sensors to infer activity levels, such as walking or running. By applying activity-specific inhalation rates to the time spent in each microenvironment, the TWA can more accurately reflect an individual's actual exposure.","A time-weighted average (TWA) can incorporate varying activity intensities by making the exposure “time weights” depend on what the person is doing at each moment, rather than assuming a constant inhalation rate. Practically, you (1) use GPS to classify microenvironments over time (e.g., home, outdoors, commuting corridors, workplaces) and (2) use wearable sensors (accelerometer/heart rate) to classify activity intensity (rest/light/moderate/heavy). For each time interval \(i\), you then compute an interval-specific inhaled dose or exposure using the corresponding inhalation rate \(IR_i\) (or activity factor) and the estimated concentration \(C_i\) for that microenvironment, and aggregate:
\[
\text{TWA}=\frac{\sum_i C_i \, IR_i \, \Delta t_i}{\sum_i IR_i \, \Delta t_i}
\quad\text{(or equivalently compute dose then divide by total “inhalation time”)}.
\]
This way, periods of higher intensity contribute more because \(IR_i\) is larger (and, if desired, you can also adjust for breathing/ventilation changes beyond the standard EF inhalation-rate multipliers).  

To implement robustly, you also (a) align sensor/GPS timestamps to a common grid (e.g., 1–5 min), (b) interpolate or impute missing GPS/wearable segments, (c) propagate uncertainty from microenvironment classification and activity-intensity mapping (e.g., probabilistic class assignments), and (d) report both a point estimate TWA and uncertainty bounds (e.g., Monte Carlo over activity/microenvironment probabilities)",5,5
JC-309,"Given outdoor PM2.5 of 50 µg/m³, AER=0.8/h, P=0.9, k=0.2/h, indoor source S=400 µg/h, room V=60 m³, calculate the steady-state indoor PM2.5 concentration.",C_in = (0.9*0.8*50 + 400/60)/(0.8+0.2) = (36 + 6.67)/1.0 = 42.67 µg/m³,42.67 µg/m³,5,5
JC-310,Describe how GPS trajectory data can be combined with real-time air quality sensor data to improve estimates of personal exposure to air pollutants during commuting.,"GPS trajectory data provides spatial and temporal information about an individual's movement, allowing the identification of microenvironments (e.g., transit, outdoors). Real-time air quality sensors capture pollutant levels in these microenvironments. By integrating the two datasets, exposure estimates can account for dynamic variations in pollutant concentrations and time spent in different locations, leading to a more accurate time-weighted average exposure.","GPS trajectory data provide the person’s location, route, speed, and time spent in each commuting segment, while real-time air quality sensor data supply pollutant concentrations along that route and at those times. By matching the two datasets, you can estimate exposure in specific microenvironments such as walking, biking, driving, or waiting at stops, then time-weight those concentrations to get a more individualized commuting exposure estimate than a single fixed monitor would provide",5,5
JC-311,Describe how environmental tobacco smoke (ETS) contributes to indoor air pollution and influences the I/O ratio of PM2.5.,"ETS is a major indoor source of PM2.5, releasing fine particles and VOCs directly into the indoor environment. Homes with active smoking often exhibit elevated PM2.5 levels indoors, resulting in an I/O ratio greater than 1, as ETS adds to indoor pollutant loads independent of outdoor concentrations.","Environmental tobacco smoke (ETS) contributes to indoor air pollution by acting as an **indoor source** of fine particles (PM2.5) and related combustion aerosols. When cigarettes (or other tobacco products) burn, they emit PM2.5 directly and also release gaseous precursors (e.g., NOx, SO2, VOCs) that can form secondary PM indoors. ETS particles then mix through the indoor air and are subject to **ventilation (air exchange)** and **indoor loss processes** (e.g., deposition to surfaces, filtration/settling).

**Influence on the I/O ratio of PM2.5:**  
- In a simple steady-state indoor mass balance, indoor concentration can be written as:  
  **C_in = (P·AER·C_out + S/V) / (AER + k_dep)**, where **P** is penetration, **AER** is air exchange rate, **k_dep** is deposition/indoor loss, and **S/V** represents indoor source strength per volume.  
- **ETS increases S/V**, meaning **C_in rises even if C_out stays the same**. Therefore, the **I/O ratio increases** because the indoor term from ETS adds to the outdoor-driven term.  
- By contrast, if there were **no indoor sources** (S = 0) and no indoor sinks (k_dep = 0), then **C_in = P·C_out** and the I/O ratio would be controlled mainly by penetration (and could be relatively stable).  
- With ETS present, the I/O ratio becomes **more variable and typically higher**, especially in spaces with **poor ventilation** (lower AER) and/or **higher ETS emission rates** (more smokers, longer duration), and it can be moderated if **indoor loss/filtration** is strong (higher k_dep or effective removal)",5,5
JC-312,"For a room with V=40 m³, S=200 µg/h, AER=0.7/h, k=0.2/h, and no outdoor sources, calculate the steady-state indoor PM2.5 concentration.",C_in = (200/40)/(0.7+0.2) = 5/0.9 = 5.56 µg/m³,"5.56 µg/m³**

At steady state, the indoor PM₂.₅ concentration is approximately **5.6 µg/m³**. Since there are no outdoor sources (C_out = 0), the concentration is driven entirely by the indoor emission rate balanced by air exchange and deposition:  

\[
C_{in} = \frac{S/V}{AER + k_{dep}} = \frac{200/40}{0.7 + 0.2} = \frac{5}{0.9} \approx 5.56\ \mu\text{g/m}^3
\]",5,5
JC-313,What does the relative risk (RR) of 1.3 for cardiovascular mortality per 10 µg/m³ increase in PM2.5 imply about the relationship between exposure and health outcomes?,"A relative risk (RR) of 1.3 implies that for every 10 µg/m³ increase in PM2.5 exposure, the risk of cardiovascular mortality increases by 30% compared to the baseline risk without this level of exposure.","A relative risk (RR) of 1.3 per 10 µg/m³ increase in PM2.5 implies a positive association: for each 10 µg/m³ higher PM2.5, the risk of cardiovascular mortality is about 30% higher compared with the reference level",5,5
JC-314,Explain how particle size influences deposition fractions in the alveolar region based on the ICRP respiratory tract model.,"Particle deposition in the alveolar region is primarily influenced by diffusion, which increases with smaller particle sizes (<0.1 μm). Larger particles (>1 μm) are less likely to reach the alveoli due to impaction and sedimentation in the upper airways.","In the ICRP respiratory tract model, alveolar deposition is lowest for very large particles because they are mostly removed earlier in the upper airways, and lowest again for very small particles because they are more likely to be exhaled. Deposition in the alveolar region generally peaks in the submicron range, especially around ~0.1–1 µm, where diffusion and sedimentation together favor deep-lung deposition",2,1
JC-315,"How does the BenMAP tool estimate mortality and morbidity impacts of air pollution, and what are its critical inputs?","BenMAP estimates health impacts by applying exposure-response functions to population data and air pollution levels. Key inputs include baseline health incidence rates, population demographics, air quality data, and exposure-response coefficients. The tool models changes in health outcomes under various scenarios, allowing policymakers to assess the benefits of air quality interventions.","BenMAP estimates mortality and morbidity by applying health impact functions from epidemiologic studies to the change in air pollution concentration, typically combining population, baseline incidence rates, and concentration-response coefficients to calculate attributable cases avoided or incurred. Its critical inputs are air quality surfaces or monitor-based concentrations for a baseline and control scenario, population data, baseline health incidence or mortality rates, selected health impact functions/relative risks, and often spatial/temporal matching plus optional valuation inputs for economic benefits",5,5
JC-316,Propose a method to validate GPS-based microenvironment classifications using independent environmental monitoring data.,"Validation can be done by comparing pollutant concentrations measured at GPS-detected locations with values from independent monitoring stations in those areas, ensuring consistency between classification and actual exposure.","** A robust method to validate GPS-based microenvironment classifications involves **spatiotemporal concordance analysis** using independent reference monitors. First, equip study participants with a personal air quality monitor (e.g., a low-cost PM₂.₅/NO₂/CO sensor) co-located in time with GPS logging. Simultaneously, deploy stationary reference monitors (e.g., regulatory-grade or research-grade instruments) in each candidate microenvironment class (indoor home, indoor workplace, school, vehicle, outdoor urban, outdoor park, etc.) that participants are expected to occupy. The GPS-derived labels are then evaluated by comparing the concurrent personal-monitor concentration measured within a given GPS-tagged microenvironment against the independent stationary monitor assigned to that same microenvironment class. Key validation metrics include: (1) **mean absolute error (MAE)** and **Bland-Altman limits of agreement** between the personal and stationary concentrations per labeled microenvironment; (2) **classification accuracy, precision, and recall** using the concentration profile as a surrogate truth — if the personal monitor reads outdoor-level PM₂.₅ during a period GPS-labeled as ""indoor home,"" that label is suspect; and (3) **discriminant analysis** (e.g., linear discriminant or random forest trained on the sensor data) to see whether sensor features alone can recover the GPS labels, with the cross-validated agreement rate serving as an upper-bound validation score. A complementary step is to regress the personal-monitor concentration against the GPS label plus the stationary reference concentration; a non-significant contribution of the GPS label after controlling for the stationary reference would support that the classification is redundant or inaccurate. Finally, a **confusion matrix** can be built by manually reviewing a stratified random sample of GPS traces against participant diaries or video confirmation, then comparing the sensor-based validation metrics against that ground-truth set to calibrate acceptability thresholds",5,5
JC-317,How does the EPA Exposure Factors Handbook incorporate gender-specific differences in body weight into exposure assessments?,The EFH provides gender-specific body weight data to account for biological differences in weight distribution between males and females. This differentiation improves the precision of dose calculations in exposure modeling.,"The EPA Exposure Factors Handbook incorporates gender-specific body weight by providing separate default adult values for males and females, which can be used in dose calculations when sex-specific exposure estimates are needed. For adults, the handbook also provides a combined default body weight when a sex-specific value is not required, allowing assessors to choose the level of specificity appropriate to the assessment",4,5
JC-318,What is the significance of counterfactual exposure levels in health impact assessments (HIA)?,"Counterfactual exposure levels represent the baseline or ideal exposure scenario against which actual pollutant exposure is compared. They are crucial in HIA for estimating the excess health burden attributable to air pollution and identifying potential benefits of achieving lower pollutant levels, such as those recommended by guidelines like WHO AQGs.","** Counterfactual exposure levels in HIA define the alternative (hypothetical) exposure distribution against which current exposure is compared to estimate attributable health burden. The most widely used is the Theoretical Minimum Risk Exposure Level (TMREL) — the exposure level that minimizes population health risk, such as 5 µg/m³ for PM₂.₅ in the GBD framework. The choice of counterfactual is critically significant because it directly determines the magnitude of estimated attributable cases: a lower (more stringent) counterfactual yields a larger attributable fraction and vice versa. Beyond TMREL, alternative counterfactuals (e.g., feasible minimum risk, plausible minimum risk, or a full counterfactual distribution) are used for policy scenario modeling, allowing analysts to distinguish between the *total* avoidable burden (TMREL-based) and the *achievable* burden under realistic intervention scenarios",4,4
JC-319,"Describe the factors that influence the penetration factor of PM2.5 into indoor environments, and discuss how these factors vary for different building envelope materials.","Penetration factor is influenced by particle size, building envelope tightness, and the presence of filters. For example, well-sealed buildings with dense materials like concrete have lower penetration factors compared to older buildings with porous materials like wood.","The penetration factor (P) for PM2.5 — the fraction of outdoor particles entering through the building envelope — is governed by the interplay of particle aerodynamic properties and building leakage characteristics. The primary factors are:

1. **Particle size and diffusivity**: For PM2.5, particles in the 0.1–1 µm size range (the ""accumulation mode"") have the highest penetration because they are too large for significant Brownian diffusion to walls of the crack (which would cause deposition) and too small for substantial gravitational settling within the crack. This gives them a penetration factor typically near 0.8–1.0 in most crack geometries.

2. **Crack geometry (height, length, and aspect ratio)**: Narrower cracks (e.g., <0.2 mm) cause greater impaction and interception losses, lowering P. Longer crack paths (e.g., through tortuous building joints) increase the probability of deposition within the crack, reducing penetration.

3. **Pressure differential (ΔP)**: Higher pressure differences (driven by wind, stack effect, or mechanical ventilation) increase airflow velocity through cracks, reducing particle residence time within the crack and thus reducing depositional losses — yielding higher P.

4. **Air exchange rate (AER)**: While AER itself does not directly appear in the steady-state no-source/sink penetration calculation (where C_in = P × C_out), in practice higher AER tends to correlate with larger, less restrictive leakage areas that permit higher P.

**Variation by building envelope material:**

- **Wood frame construction (typical US residential)**: These structures have numerous leakage pathways — gaps at wall–floor junctions, window frames, electrical outlets, and attic penetrations. The combined effective leakage area is large (e.g., 5–20 cm²/m² at 4 Pa), and crack geometries are relatively short and wide. This yields penetration factors often approaching **0.7–1.0** for PM2.5, especially under moderate wind pressures.

- **Concrete/masonry construction (common in commercial and high-rise buildings)**: These envelopes are more monolithic with fewer discrete cracks. Leakage occurs primarily at construction joints, door frames, and window perimeters — longer, narrower crack paths. Penetration factors are typically more moderate, around **0.4–0.7**, because particles have a higher probability of depositing within the longer, tortuous pathways before reaching indoors.

- **Brick veneer with drainage cavity**: The cavity space itself can act as",5,4
JC-320,Why is body weight stratified by age in the EPA Exposure Factors Handbook?,"Body weight is stratified by age in the EPA Exposure Factors Handbook to account for physiological differences that influence exposure, such as metabolic rates and body composition changes during growth and development.","** Body weight is stratified by age in the EPA Exposure Factors Handbook (EFH, Chapter 8) because **physiological development drives a roughly 20-fold increase** in body weight from infancy (~7.8 kg at <1 year) to adulthood (~80 kg), and exposure dose calculations — via the standard equation **Dose = (C × IR × ET) / BW** — are normalized to body weight. Using a single adult body weight for a child would underestimate their mass-normalized dose by up to an order of magnitude, since children have higher inhalation and ingestion rates per kilogram of body weight. Age stratification ensures that risk assessments reflect the actual internal dose experienced at each developmental stage, consistent with EPA's policy that children receive a full and commensurate level of protection under the Food Quality Protection Act and relevant EPA risk assessment guidance",5,5
JC-321,List three key inputs required for health impact assessment (HIA) using BenMAP software and explain their relevance.,"Air quality data (exposure levels), population data (size and demographics), epidemiological exposure-response functions.","** Three key inputs required for health impact assessment (HIA) using BenMAP (Environmental Benefits Mapping and Analysis Program) are: (1) **Air quality change estimates** — representing the difference in pollutant concentrations (e.g., PM₂.₅ or O₃) between a baseline and a control scenario; this drives the magnitude of the health impact. (2) **Health impact (concentration-response) functions** — typically drawn from epidemiological literature, these specified the percent change in health outcome per unit change in pollutant (e.g., a log-linear coefficient for PM₂.₅ and mortality); they translate air quality changes into relative risks. (3) **Population data and baseline health incidence rates** — gridded or census-tract population counts paired with baseline rates (deaths or hospitalizations per 100,000) for the health endpoint of interest; these determine the absolute number of attributable cases or deaths when multiplied by the attributable fraction derived from the air quality change and the health function. Together, these three inputs allow BenMAP to compute the change in health outcomes (e.g., avoided premature deaths) across a geographic domain and to map those results, which in turn supports benefits valuation and policy analysis",5,5
JC-322,Why is body weight stratified by age in the EPA Exposure Factors Handbook?,"Body weight is stratified by age in the EPA Exposure Factors Handbook to account for physiological differences that influence exposure, such as metabolic rates and body composition changes during growth and development.","Body weight is stratified by age because body size changes substantially across life stages, and dose is often normalized to body weight. Using age-specific weights improves the accuracy of exposure and risk estimates, especially for children who generally receive a higher dose per kg than adults for the same intake",5,5
JC-323,Critique the use of relative risk estimates from cohort studies in extrapolating PM2.5-related health risks to low-income countries.,"Relative risk estimates from cohort studies in high-income countries may not be directly applicable to low-income settings due to differences in baseline health status, exposure sources, and population demographics. Additionally, the IER curve may behave differently due to varying susceptibility and exposure patterns.","Relative risks from mostly North American and European cohort studies are useful but have limited external validity when applied to low-income countries. Key concerns are different PM2.5 composition and sources, higher and more variable exposures, different baseline disease rates, healthcare access, co-exposures, and stronger confounding by poverty, smoking, biomass use, infection, and occupational hazards; these can change both the magnitude and shape of the exposure–response relationship. Extrapolation is often necessary, but it should be treated cautiously, ideally using local data, effect-modification analyses, and uncertainty bounds rather than assuming transportability of a single RR estimate",5,5
JC-324,Explain how the air exchange rate and deposition rate influence the indoor/outdoor ratio of ozone (O₃) in residential buildings.,"Higher air exchange rates increase the transport of outdoor ozone indoors, raising the I/O ratio. Deposition rates, on the other hand, reduce indoor ozone levels by promoting surface reactions, thereby lowering the I/O ratio.","For ozone in a residence, the indoor/outdoor ratio is mainly controlled by ventilation and indoor loss. In a simple steady-state case with no indoor sources, \(I/O \approx \frac{P \cdot AER}{AER + k_{dep}}\), so higher air exchange rate raises indoor O₃ toward outdoor levels, while higher deposition rate lowers indoor O₃ by removing it on indoor surfaces. If deposition is negligible, \(I/O \to P\) (near 1 if penetration is high); if deposition is large relative to air exchange, the ratio becomes much less than 1",5,5
JC-325,"Calculate the total inhaled dose for an adult male who spends 8 hours sleeping (0.45 m³/h), 8 hours sedentary (0.54 m³/h), and 8 hours performing light activity (1.5 m³/h) in an environment with a constant concentration of 25 µg/m³.",Dose = Σ(Ci × IRi × ti). Dose = 25 µg/m³ × (0.45 m³/h × 8 h + 0.54 m³/h × 8 h + 1.5 m³/h × 8 h) = 25 × (3.6 + 4.32 + 12) = 25 × 19.92 = 498 µg.,498 µg,5,5
JC-326,How does real-time GPS data improve the accuracy of personal exposure assessments?,"Real-time GPS data provides precise tracking of location and movement, enabling dynamic classification of microenvironments and accurate calculation of exposure as individuals move through different pollutant zones.","Real-time GPS data improves personal exposure assessment by linking a person’s changing location to place- and time-specific pollution levels, rather than assuming exposure only at home or over broad areas. It also helps identify microenvironments and travel routes—such as commuting near traffic or time spent indoors versus outdoors—reducing exposure misclassification and producing more accurate estimates of short-term peaks and cumulative exposure",5,5
JC-327,Why is the elderly population (>65 years) often identified as susceptible in studies on air pollution health impacts?,"Elderly individuals are susceptible due to reduced physiological reserves, higher prevalence of chronic diseases, and diminished ability to recover from health insults. This makes them more prone to severe outcomes like cardiovascular and respiratory diseases from air pollution exposure.","The elderly (>65 years) are identified as a susceptible population in air pollution studies for several interconnected reasons. **Physiologically**, aging involves declining lung function (reduced FEV₁, FVC), impaired mucociliary clearance, diminished immune response, and higher prevalence of pre-existing cardiovascular and respiratory comorbidities (ischemic heart disease, COPD, diabetes) that are themselves exacerbated by pollutants like PM₂.₅ and O₃. **Pharmacokinetically**, older adults often have reduced renal and hepatic clearance, altering how inhaled toxins are metabolized. **Epidemiologically**, time-series and cohort studies consistently show steeper concentration-response curves for mortality and hospital admissions above age 65 — for example, the Harvard Six Cities and Medicare-based studies report that PM₂.₅-related all-cause mortality risk is roughly 2–3× higher for those ≥65 compared with younger adults, and the IER functions used in GBD 2019 assign higher baseline risks to older age groups. This combination of higher background disease burden, reduced physiological reserves, and altered toxicokinetics creates a genuine biological vulnerability that is robustly observable across study designs and pollutants",4,4
JC-328,"List three major determinants of the indoor/outdoor (I/O) ratio of PM2.5 in residential buildings, and briefly explain the mechanism of each.",Air exchange rate (AER); penetration factor (P); indoor sources and deposition rate (k).,"Three major determinants are: (1) air exchange rate/ventilation, which controls how quickly outdoor PM2.5 enters and indoor air is diluted; higher ventilation generally raises the I/O ratio toward outdoor levels. (2) Penetration factor, which reflects how efficiently particles pass through the building envelope and openings; lower penetration means less outdoor PM2.5 gets indoors. (3) Indoor deposition/removal, including settling and surface losses, which reduces indoor PM2.5 after it enters; higher deposition lowers the I/O ratio",4,4
JC-329,Why does the EPA Exposure Factors Handbook provide separate inhalation rate recommendations for different age groups?,"The EPA Exposure Factors Handbook provides separate inhalation rate recommendations for different age groups because physiological differences, such as lung capacity and breathing frequency, vary significantly with age. Children, for instance, have higher inhalation rates per unit body weight compared to adults, making them more vulnerable to airborne contaminants. Age-specific data ensure more accurate exposure and risk assessments.","Inhalation rates differ by age because breathing physiology and behavior change across the life span. Children generally have different lung size and ventilation patterns (often higher breathing rate per kg), spend more time in different activity settings (e.g., more time indoors/play), and therefore inhale different volumes of air per unit body weight than adults—leading to age-specific exposure doses",5,5
JC-330,"Discuss how differences in time-activity patterns between urban and rural populations can influence exposure to air pollutants, referencing the EPA Exposure Factors Handbook.","Urban populations may spend more time in environments with higher pollution levels (e.g., traffic-heavy areas), while rural populations may have higher exposure to agricultural chemicals. Time-activity data from the EFH can help quantify these differences.","Urban vs. rural time-activity patterns can shift inhalation exposure because air pollutant concentrations vary strongly by microenvironment (outdoors vs. indoors vs. in-vehicle) and by pollutant-specific sources. The EPA Exposure Factors Handbook (EFH) frames this by using time-activity assumptions (e.g., hours spent indoors at home/residence, outdoors, and in-vehicle) to estimate dose from concentration × inhalation rate × exposure time.

In general, **urban populations** often spend more time in **outdoor and near-roadway** settings (work commuting, errands, transit corridors) where concentrations of traffic-related pollutants (e.g., NO₂, ultrafine particles, some PM components) can be higher. Even if urban residents spend substantial time indoors, the **outdoor-to-indoor penetration** and infiltration mean that more time outdoors increases the time-weighted average concentration they inhale. EFH’s microenvironment time splits (indoors vs. outdoors vs. vehicle) therefore tend to yield **higher average inhalation exposure** for pollutants with strong outdoor/traffic gradients.

**Rural populations** more often spend time **outdoors on agricultural or residential property** and may have different indoor patterns (e.g., different ventilation practices, housing characteristics, and time spent away from home). This can increase exposure to pollutants driven by **rural sources** (e.g., smoke from burning, dust from unpaved roads, agricultural emissions, or seasonal wildfire smoke), while potentially lowering exposure to traffic-related pollutants if they spend less time in high-roadway-concentration microenvironments. EFH time-activity assumptions capture these differences by changing the fraction of the day inhalation occurs in each microenvironment.

Finally, **vehicle time** can be a key differentiator: urban commuting may involve more time in buses/subways/traffic congestion, while rural commuting may involve longer driving but different roadway exposure profiles. EFH’s inclusion of vehicle activity time allows exposure estimates to reflect that in-vehicle concentrations can differ from both general outdoor and indoor concentrations.

Overall, EFH emphasizes that **dose is time-weighted**: differences in how urban and rural groups allocate hours across indoors, outdoors, and vehicle settings can substantially change the integrated inhaled dose even when ambient pollutant levels are similar, because pollutant concentrations are not uniform across microenvir",4,4
JC-331,"List three major determinants of the indoor/outdoor (I/O) ratio of PM2.5 in residential buildings, and briefly explain the mechanism of each.",Air exchange rate (AER); penetration factor (P); indoor sources and deposition rate (k).,"Three major determinants are: (1) air exchange rate/infiltration, which controls how quickly outdoor PM2.5 enters indoors and how much indoor air is replaced by outdoor air; higher infiltration generally raises the I/O ratio when outdoor air is the main source. (2) Building envelope penetration factor, which reflects how efficiently particles pass through cracks, leaks, and openings; tighter buildings or better-sealed windows reduce particle entry and lower the I/O ratio. (3) Indoor removal and sources, especially deposition/filtration versus indoor emissions; deposition to surfaces and HVAC/portable filter capture lower indoor PM2.5, while cooking, smoking, candles, and other indoor sources can raise indoor levels and even push the I/O ratio above 1",5,5
JC-332,Describe the methodological steps used in the Global Burden of Disease (GBD) framework to estimate DALYs attributable to air pollution exposure.,"The GBD framework involves (1) quantifying population exposure to air pollution, (2) applying exposure-response functions to estimate RR for mortality and morbidity outcomes, (3) calculating attributable fractions (AF) for each outcome, (4) estimating attributable deaths and cases, and (5) converting these into DALYs by combining years of life lost (YLL) and years lived with disability (YLD).","The GBD framework typically estimates air-pollution-attributable DALYs by: (1) estimating population exposure to PM2.5/ozone using modeled ambient concentrations and, where relevant, household air pollution data; (2) applying exposure–response functions from the GBD comparative risk assessment to convert exposure into relative risks for specific outcomes; (3) calculating attributable fractions from those relative risks; (4) multiplying attributable fractions by cause-specific deaths and years lived with disability to obtain attributable YLLs and YLDs; and (5) summing YLLs + YLDs across causes to get DALYs attributable to air pollution",5,5
JC-333,Why is the penetration factor for ozone typically lower than for PM2.5 in residential buildings?,"The penetration factor for ozone is typically lower than for PM2.5 because ozone is highly reactive and can be removed by chemical reactions with indoor surfaces and materials, while PM2.5 particles are less reactive and more likely to penetrate through building materials and gaps.","Ozone typically has a lower penetration factor because it is much more reactive than PM2.5: it readily reacts with indoor surfaces, furnishings, and building materials, so less of the outdoor ozone survives transport indoors. PM2.5 is generally less reactive and can penetrate more effectively through leaks and openings, so its indoor penetration factor is often higher",5,5
JC-334,Why does the EPA Exposure Factors Handbook provide age-specific inhalation rates for exposure modeling?,"Age-specific inhalation rates are crucial because respiratory physiology changes significantly across different life stages. For example, children have higher ventilation rates per unit of body weight compared to adults, making them more susceptible to airborne contaminants.","The EPA Exposure Factors Handbook provides age-specific inhalation rates because breathing rates vary substantially across life stages due to differences in body size, metabolic oxygen demand, lung development, and activity patterns. Infants and children, for instance, have higher air intake per unit body weight than adults, making them disproportionately sensitive to airborne contaminants. Using age-specific rates (e.g., 5.4 m³/day for infants <1 year vs. 15.7 m³/day for adults) ensures that exposure and dose estimates reflect the actual intake experienced by each age group, allowing risk assessors to identify vulnerable subpopulations and avoid significant under- or over-estimation of risk when aggregating across a heterogeneous population",5,5
JC-335,Describe how GPS trajectory data can be combined with real-time air quality sensor data to improve estimates of personal exposure to air pollutants during commuting.,"GPS trajectory data provides spatial and temporal information about an individual's movement, allowing the identification of microenvironments (e.g., transit, outdoors). Real-time air quality sensors capture pollutant levels in these microenvironments. By integrating the two datasets, exposure estimates can account for dynamic variations in pollutant concentrations and time spent in different locations, leading to a more accurate time-weighted average exposure.","** GPS trajectory data (time-stamped latitude/longitude coordinates along a commute route) are spatially and temporally merged with real-time air quality sensor readings (e.g., from low-cost monitors on street poles, drones, or vehicle-mounted sensors) by interpolating pollutant concentrations at each GPS point along the path. This produces a time-weighted exposure profile that captures the actual concentration experienced in each microsegment of the route (e.g., busy intersection, tunnel, park, bus interior), which is far more accurate than using a single fixed-site monitor. The integrated data also enable identification of high-exposure ""hot spots"" along the commute, quantification of exposure contrasts between alternative routes or modes (walking vs. cycling vs. bus), and input into inhalation dose calculations when combined with activity-specific breathing rates tied to speed/grade data from the GPS",5,4
JC-336,Why does EPA EFH recommend separate inhalation rates for short-term vs long-term exposure assessments? What bias arises from using long-term rates in acute scenarios?,"Short-term rates account for variability in activity patterns (e.g., exercise, sleep) that influence inhalation rates over short durations. Long-term rates are averages and may underestimate peak exposures during high-activity periods, leading to bias in acute risk assessments.","EPA EFH separates short-term and long-term inhalation rates because breathing rate depends on activity and exposure duration: acute assessments should reflect the higher, time-specific ventilation that can occur during brief periods, while long-term rates are averaged over daily life. Using a long-term rate in an acute scenario usually biases dose downward if the person is actually breathing harder during the event, so it can underestimate short-term exposure and risk",5,5
JC-337,"What role does the EPA Exposure Factors Handbook play in evaluating the health risks associated with food ingestion, and why is age-specific data critical in this context?","The handbook provides detailed food ingestion rates for different age groups, which is critical for estimating dietary exposure to contaminants in food. Age-specific data are important because children, for example, eat more food relative to their body weight compared to adults, making them more vulnerable to foodborne contaminants.","The EPA Exposure Factors Handbook (EFH) provides the standardized, defensible input parameters—such as age-specific food ingestion rates (e.g., mg/day), body weight, and sometimes related behavior/time patterns—that are needed to convert measured or modeled contaminant concentrations in food into human intake (dose). In health risk evaluation, these parameters determine the exposure estimate and therefore the resulting hazard quotient (noncancer) or cancer risk (via dose-based toxicity values).

Age-specific data is critical because children and adults differ substantially in physiology and behavior: children typically have higher contaminant intake per kg body weight (higher food intake relative to body mass), different body weights, and different dietary patterns. Using age-appropriate EFH values improves accuracy and protects sensitive subpopulations, which is especially important for developmental and long-latency health effects",5,5
JC-338,Describe two indoor sources of NO₂ and explain their impact on indoor air quality.,"Gas stoves and unvented heaters are two common indoor sources of NO₂. Gas stoves emit NO₂ during combustion of natural gas, especially in poorly ventilated kitchens, leading to elevated NO₂ levels. Unvented heaters release combustion byproducts directly into the indoor environment, contributing to high NO₂ concentrations that can exceed health guidelines.","Two common indoor sources of NO₂ are (1) gas stoves/ovens and (2) tobacco smoke (including e-cigarette aerosol for NO₂ precursors, but combustion products are the main concern).

1) **Gas cooking (stoves/ovens)**: Burning natural gas produces NO₂ directly. When used, NO₂ can rise sharply in the kitchen and nearby rooms, especially with poor ventilation, increasing occupants’ short-term exposure and irritating the airways.

2) **Tobacco smoke (combustion)**: Cigarettes/cigars/indoor smoking generate NO₂ as part of combustion. This elevates indoor NO₂ throughout the space (and can persist), contributing to respiratory irritation and worsening indoor air quality for both smokers and non-smokers",4,4
JC-339,What is the mean skin surface area for individuals aged birth to 1 year?,0.3,0.3 m²,5,5
JC-340,Evaluate the trade-offs between self-reported time-activity diaries and wearable sensors for exposure assessment in epidemiological studies.,"Self-reports provide context and activity detail but are prone to recall bias. Wearable sensors offer objective data but may have accuracy, calibration, and participant compliance issues.","** Self-reported time-activity diaries (TADs) and wearable sensors each have distinct strengths and weaknesses. TADs are inexpensive, capture rich contextual information (e.g., cooking, cleaning, commuting mode), and can be used over long periods, but they suffer from recall bias, poor temporal resolution (typically 15–60 min bins), and participant burden that degrades compliance over time. Wearable sensors (e.g., GPS, accelerometers, personal monitors) provide high-resolution, objective measurements of location, movement, and sometimes pollutant concentrations, eliminating recall bias; however, they have higher upfront costs, require data processing and quality control, can miss microenvironments where no sensor is worn, may alter participant behavior (Hawthorne effect), and often lack contextual information that diaries naturally provide. In practice, the optimal approach is often a hybrid design — using sensors for objective timing/location traces and a brief diary for activity context — which leverages the strengths of both while mitigating their individual limitations",5,5
JC-341,"Explain how the ICRP respiratory tract model and MPPD model differ in estimating regional deposition fractions for inhaled particles, particularly in the alveolar and tracheobronchial regions.","The ICRP respiratory tract model uses empirical data and physiological parameters to estimate deposition fractions across respiratory regions, focusing on particle size, breathing patterns, and regional geometry. The MPPD model, in contrast, employs computational fluid dynamics and multiple-path algorithms to simulate more individualized deposition patterns, accounting for variations in airway morphology and flow dynamics. While the ICRP model provides standardized estimates, the MPPD model allows for greater flexibility in predicting deposition under different conditions, such as age or activity level.","The ICRP respiratory tract model is a more compartmental, reference-human model that gives standardized deposition fractions by region, while MPPD is a more flexible, mechanistic model that can vary with particle size, breathing pattern, airway geometry, and subject characteristics. In practice, MPPD often provides more detailed and individualized estimates, especially for alveolar and tracheobronchial deposition, whereas ICRP is commonly used for simpler, standardized dosimetry comparisons",5,5
JC-342,How do PBPK models utilize biomarker data to predict internal doses?,"PBPK models integrate biomarker data, such as blood concentrations, to calibrate and validate predictions of the absorption, distribution, metabolism, and excretion of chemicals. Biomarker data help refine model parameters to improve accuracy in estimating internal doses.","PBPK models use biomarker data by fitting measured concentrations in blood, urine, breath, or tissues to model compartments and adjusting parameters like absorption, metabolism, distribution, and elimination until predicted levels match observed data. Once calibrated, the model can back-calculate internal dose metrics such as peak concentration, area under the curve, or target-tissue dose for a given external exposure",5,5
JC-343,"Using WHO AQG daily PM2.5 target of 15 µg/m³, determine whether a monitoring dataset with daily values of [10, 20, 18, 12, 15, 14, 16 µg/m³] meets the guideline.",Mean daily concentration = (10+20+18+12+15+14+16)/7 = 15 µg/m³; the dataset meets the guideline.,"No. The dataset does not meet the WHO AQG daily PM2.5 guideline because several days exceed 15 µg/m³ (20, 18, and 16 µg/m³); a value of 15 meets but does not exceed the target",1,1
JC-344,How does the Multiple-Path Particle Dosimetry (MPPD) model improve upon simpler models in estimating particle deposition in the respiratory system?,"The MPPD model accounts for complex airflow patterns and anatomical differences within the respiratory tract, providing detailed predictions of particle deposition in different regions. It also considers factors like particle size, shape, and density.","The MPPD model improves on simpler deposition models by representing the respiratory tract with multiple airway generations and regions, rather than treating it as a single well-mixed compartment. It accounts for particle size, breathing pattern, airway geometry, and mechanisms like impaction, sedimentation, and diffusion, so it can estimate regional deposition much more realistically",4,4
JC-345,"Explain how the ICRP respiratory tract model and MPPD model differ in estimating regional deposition fractions for inhaled particles, particularly in the alveolar and tracheobronchial regions.","The ICRP respiratory tract model uses empirical data and physiological parameters to estimate deposition fractions across respiratory regions, focusing on particle size, breathing patterns, and regional geometry. The MPPD model, in contrast, employs computational fluid dynamics and multiple-path algorithms to simulate more individualized deposition patterns, accounting for variations in airway morphology and flow dynamics. While the ICRP model provides standardized estimates, the MPPD model allows for greater flexibility in predicting deposition under different conditions, such as age or activity level.","The ICRP respiratory tract model is a standardized radiological protection model that gives reference regional deposition fractions using idealized airway compartments and default breathing patterns, mainly to support dose assessment across head airways, tracheobronchial, and alveolar/interstitial regions. MPPD is a more mechanistic, flexible lung dosimetry model that uses detailed airway geometry, particle properties, and subject-specific physiology, so its tracheobronchial and alveolar deposition estimates can differ substantially from ICRP, especially for ultrafine or coarse particles and for different ages, species, or breathing conditions.

In practice, ICRP tends to provide generalized reference fractions, while MPPD can predict more scenario-specific shifts between TB and alveolar deposition: for example, deeper alveolar deposition may increase under slow deep breathing or for certain fine particle sizes, whereas TB deposition may be more sensitive to airway branching, flow regime, and impaction assumptions. So the main difference is not that one always predicts higher alveolar or TB deposition, but that MPPD resolves those regions in more detail and often produces more individualized estimates than the more default-based ICRP model",5,5
JC-346,What are the advantages of using real-time GPS tracking in personal exposure studies compared to static location tracking?,"Real-time GPS tracking captures dynamic movement patterns, allowing for a more granular analysis of exposure variability over time and across different microenvironments. Unlike static tracking, it enables the identification of transient high-exposure events, such as passing through heavily polluted areas during commutes.","Real-time GPS tracking captures where people actually go and how long they spend in each microenvironment, so it reduces exposure misclassification compared with assigning exposure from a home, school, or workplace location alone. It also enables time-resolved linkage to pollution, traffic, and activity patterns, helping identify short-term peaks, commuting exposures, and spatial variability that static location tracking often misses",5,5
JC-347,Critique the use of relative risk estimates from cohort studies in extrapolating PM2.5-related health risks to low-income countries.,"Relative risk estimates from cohort studies in high-income countries may not be directly applicable to low-income settings due to differences in baseline health status, exposure sources, and population demographics. Additionally, the IER curve may behave differently due to varying susceptibility and exposure patterns.","Relative risks from cohort studies are useful, but extrapolating them to low-income countries is often uncertain because the original cohorts usually come from higher-income settings with different pollution mixtures, lower baseline disease rates, better healthcare access, and different smoking, nutrition, and occupational exposures. The main concern is external validity: the same PM2.5 increment may not produce the same risk if exposure composition, susceptibility, and competing causes of death differ",5,4
JC-348,How does the EPA Exposure Factors Handbook incorporate age-specific skin surface area data into dermal exposure assessments?,"The handbook provides age-specific skin surface area estimates based on body weight and height, recognizing that children have proportionally larger surface areas relative to their body mass. This data is crucial for dermal exposure assessments as it determines the extent of pollutant contact, especially for substances that interact directly with the skin.","The EPA Exposure Factors Handbook (EFH 2011, Chapter 7) incorporates age-specific skin surface area by providing tabulated total body surface area (BSA) values by age group (infants <1 year, children 1–2, 3–6, 6–11, 11–16, 16–21, and adults), sex, and percentile (e.g., 5th, 50th, 95th), often derived from the Mosteller formula or Du Bois equations. These values feed directly into the dermal absorbed dose equation: *DAD = (C × SA × AF × EF × ED) / (BW × AT)*, where SA is the exposed skin surface area (m²), AF is the absorption fraction, and BW is body weight. A critical feature is that the EFH also provides body-part-specific surface area fractions (e.g., head, arms, hands, trunk, legs, feet) as percentages of total BSA, allowing assessors to estimate *exposed* surface area (not just total) for a given scenario (e.g., hands-only vs. whole-body exposure). Children have smaller absolute surface areas than adults but a significantly higher surface-area-to-body-weight ratio, which the EFH data directly capture and which tends to increase their dermal dose per unit exposure concentration",5,5
JC-349,What is the significance of interim targets (ITs) in the WHO AQG framework?,"Interim targets provide progressive steps toward achieving the AQG levels, helping countries with high pollution levels gradually reduce exposure while considering feasibility.","Interim targets (ITs) in the WHO AQG framework are stepwise, health-based concentration levels set between current pollution levels and the final Air Quality Guideline. They help countries prioritize gradual, achievable improvements and track progress toward the ultimate guideline value, especially where immediate compliance is not feasible",5,5
JC-350,"Identify three key health outcomes commonly assessed in global burden of disease (GBD) studies related to air pollution exposure, and explain their relevance.","Cardiovascular diseases (e.g., ischemic heart disease, stroke), respiratory diseases (e.g., COPD, asthma), and lung cancer. These outcomes are major contributors to morbidity and mortality globally and have strong evidence linking them to air pollution exposure.","Three key health outcomes commonly assessed in GBD studies related to air pollution exposure are:

1. **Ischemic Heart Disease (IHD)** — Long-term exposure to fine particulate matter (PM₂.₅) promotes systemic inflammation, oxidative stress, and endothelial dysfunction, accelerating atherosclerosis and triggering acute coronary events. IHD consistently represents the largest attributable burden from ambient PM₂.₅, with the GBD 2019 IER model assigning an RR of ~1.23 per 10 µg/m³ above the TMREL.

2. **Stroke (cerebrovascular disease)** — Both ischemic and hemorrhagic stroke are linked to PM₂.₅ via mechanisms similar to IHD, including vascular inflammation, coagulation cascade activation, and blood pressure elevation. Stroke is the second-leading contributor to air pollution-attributable DALYs globally, with an RR of ~1.24 per 10 µg/m³.

3. **Chronic Obstructive Pulmonary Disease (COPD)** — Air pollution accelerates lung function decline and exacerbates COPD through airway inflammation, oxidative injury, and impaired mucociliary clearance. The GBD estimates an RR of ~1.14 per 10 µg/m³ PM₂.₅ for COPD mortality, with the burden concentrated in older adults and regions with high background smoking rates (where interaction effects amplify risk)",4,3
JC-351,"Determine the indoor PM2.5 concentration after 2 hours if the initial concentration is 100 µg/m³, the outdoor concentration is 50 µg/m³, AER is 0.4 h⁻¹, and deposition rate is 0.1 h⁻¹.",C_t = C_ss + (C_0 - C_ss)·e^(-t/τ); τ = 1/(AER + k) = 1/(0.4+0.1) = 2 h; C_ss = (P·AER·C_out)/(AER + k) = 50; C_t = 50 + (100-50)·e^(-2/2) = 50 + 50·e^(-1) ≈ 68.2 µg/m³.,62.1 µg/m³,2,3
JC-352,Discuss the advantages and limitations of using blood lead levels as a biomarker for environmental lead exposure.,"Blood lead levels provide a direct measure of recent lead exposure and are useful for assessing immediate health risks. However, they do not reflect cumulative exposure or lead stored in bones, limiting their use for long-term exposure assessments.","Blood lead level (BLL) is a useful biomarker of *recent* environmental lead exposure, but it has important limitations.

**Advantages**
- **Direct measure of internal dose:** BLL reflects lead that has entered the body and is circulating in blood, integrating exposure from multiple routes (inhalation, ingestion, and—especially in children—hand-to-mouth ingestion).
- **Sensitive to changes over time:** Because blood lead has a relatively short biological half-life compared with bone, BLL can respond to reductions (or increases) in exposure over weeks to months—useful for monitoring interventions.
- **Widely used and standardized:** There are well-established lab methods, public health thresholds, and extensive epidemiologic evidence linking BLL to adverse outcomes (e.g., neurodevelopmental effects in children).
- **Practical for surveillance:** Blood sampling is feasible in clinical/public health settings and supports population-level monitoring.

**Limitations**
- **Not a measure of cumulative exposure:** BLL primarily represents *current/recent* exposure; it does not fully capture long-term body burden. For cumulative effects, **bone lead** is more informative, but it is harder to measure directly.
- **Influenced by physiology and kinetics:** BLL varies with age (children vs adults), pregnancy status, iron/calcium status, kidney function, and hematologic factors—so two people with similar environmental exposure can have different BLLs.
- **Short-term “noise” and temporal mismatch:** BLL can fluctuate with recent exposure events (e.g., dust exposure, contaminated water, occupational take-home). A single measurement may not represent typical exposure over longer periods.
- **Source attribution can be difficult:** BLL alone often cannot distinguish whether lead came from water, soil/dust, food, or occupational exposure; additional information (housing, diet, product use, timing) is usually needed.
- **Measurement and contamination issues:** Sample handling, lab variability, and potential contamination (e.g., from collection materials or improper technique) can affect results, especially at low concentrations.
- **Not all health effects track perfectly with BLL:** Some lead-related outcomes may relate more strongly to cumulative exposure or to lead stored in bone, meaning BLL may under- or over-estimate risk for certain endpoints.

Overall, **BLL is best for assessing recent exposure and for public health screening/monitoring**, while **limitations in represe",5,5
JC-353,What biases might arise from using default uncertainty factors (UFs) in deriving RfD and RfC values for sensitive subpopulations?,Default UFs may overestimate or underestimate risks for sensitive subpopulations due to variability in toxicodynamics and exposure-response relationships. They may not account for specific genetic or physiological vulnerabilities.,"** Default uncertainty factors in RfD/RfC derivation introduce two opposing biases for sensitive subpopulations. The standard 10× intraspecies UF is based on a log-normal assumption of human variability and may be **under-protective** for individuals at the extreme tail of sensitivity — those with genetic polymorphisms (e.g., slow acetylators, CYP2D6 poor metabolizers), pre-existing disease, or concurrent exposures — where the true range of toxicokinetic and toxicodynamic variability can exceed 10-fold. Conversely, the multiplicative stacking of default UFs (e.g., 10× interspecies × 10× intraspecies × up to 10× LOAEL-to-NOAEL = up to 3000×) can be **over-protective** and economically burdensome for the general population, masking chemicals for which the actual margin of safety is adequate. The central bias is that defaults substitute generic, conservative placeholder values for chemical-specific adjustment factors (CSAFs) derived from actual PBPK or human data, preserving simplicity at the cost of precision — potentially failing to protect the most vulnerable while over-regulating exposures for healthy adults",5,4
JC-354,"Explain how GPS data can be used to classify microenvironments for a commuter's daily exposure assessment, and why dwell time is critical for accuracy.","GPS data provides spatiotemporal coordinates that can be mapped to land-use categories, such as home, office, transit, or outdoor spaces. Dwell time thresholds help distinguish between passing through an area and actively occupying it, ensuring accurate microenvironment classification for exposure assessment.","GPS data can classify a commuter’s day into microenvironments by mapping coordinates and speed patterns to places and activities such as home, workplace, roadway, transit, or walking segments, then linking each segment to pollutant levels typical of that setting. In practice, analysts use location, movement speed, stop duration, and GIS layers to separate stationary indoor/outdoor periods from travel modes and assign exposures accordingly. Dwell time is critical because exposure is time-weighted: spending 2 minutes near traffic is very different from spending 2 hours there, and accurate dwell estimates prevent brief GPS errors or transitions from disproportionately biasing the daily exposure estimate",5,5
JC-355,"What role does the EPA Exposure Factors Handbook play in evaluating the health risks associated with food ingestion, and why is age-specific data critical in this context?","The handbook provides detailed food ingestion rates for different age groups, which is critical for estimating dietary exposure to contaminants in food. Age-specific data are important because children, for example, eat more food relative to their body weight compared to adults, making them more vulnerable to foodborne contaminants.","** The EPA Exposure Factors Handbook (EFH) provides empirically derived, standardized default values — such as food ingestion rates, body weights, and consumption fractions — that are essential for estimating daily intake (dose) of contaminants via food ingestion in human health risk assessment. It serves as the authoritative source for exposure parameter values used in EPA's Risk Assessment Guidance for Superfund (RAGS) and similar frameworks. Age-specific data are critical because children ingest substantially more food per kilogram of body weight than adults (e.g., an infant's food intake per unit body weight can be 3–4 times higher), and their dietary patterns differ (e.g., higher relative consumption of milk, fruit, and water). These differences, combined with children's developing physiology and potential windows of heightened susceptibility, mean that using adult defaults alone could either underestimate risk to children or fail to capture age-specific exposure pathways, leading to inaccurate or non-protective risk conclusions. The EFH's age-stratified tables (e.g., <1, 1–2, 3–6, 6–11, 11–16, 16–21 years, and adult) are therefore indispensable for conducting age-sensitive, health-protective risk assessments",5,5
JC-356,How does the Global Burden of Disease (GBD) framework incorporate exposure-response functions to estimate air pollution-related DALYs?,"The GBD framework uses exposure-response functions to model the relationship between air pollution levels and health outcomes, estimating relative risks for specific diseases. These estimates are combined with population exposure data and baseline disease rates to calculate DALYs, which sum years of life lost (YLL) and years lived with disability (YLD) due to air pollution.","The GBD framework uses exposure-response functions to translate ambient pollutant exposure into disease-specific relative risks, usually comparing observed concentrations to a theoretical minimum risk exposure level. Those relative risks are converted to attributable fractions, which are then multiplied by baseline disease rates, population, and disability weights or mortality inputs to estimate attributable deaths, YLLs, YLDs, and ultimately DALYs",5,5
JC-357,How do cooking emissions impact indoor PM2.5 levels?,"Cooking emissions, particularly from frying or using gas stoves, release fine particulate matter (PM2.5) into the indoor air. These emissions can significantly increase indoor PM2.5 levels, especially in poorly ventilated spaces.","Cooking can sharply increase indoor PM2.5, often becoming the dominant short-term source in homes, especially during frying, stir-frying, searing, grilling, or cooking with gas. Levels depend on fuel type, cooking method, oil temperature, kitchen size, ventilation, and whether a vented range hood is used; without good ventilation, particles can spread throughout the home and remain elevated after cooking. Reducing impact usually means using effective exhaust ventilation, cooking on back burners, avoiding overheating oils, and improving air cleaning/air exchange",5,5
JC-358,Why is particle size a critical factor in inhalation dose calculations?,"Particle size determines the likelihood of deposition in different regions of the respiratory tract, with larger particles more likely to deposit in the upper airways and smaller particles reaching deeper regions like the alveoli. This affects the dose delivered to specific respiratory regions.","Particle size controls where inhaled particles deposit in the respiratory tract, which strongly affects the delivered dose to the head airways, bronchi, or alveoli. It also influences how efficiently particles are cleared or retained, so the same airborne mass can produce very different internal doses depending on size",5,5
JC-359,How does the EPA Exposure Factors Handbook utilize ventilation rates in exposure modeling?,"Ventilation rates are used in exposure modeling to estimate inhalation exposure to airborne pollutants during various activity levels, such as rest, light activity, and heavy exercise. Higher activity levels result in increased ventilation rates and, consequently, higher exposure.","The EPA Exposure Factors Handbook uses ventilation rates as inhalation rates in exposure calculations, combining them with exposure time and body weight to estimate inhaled dose or intake. In practice, a person’s activity level, age, and sex are used to select an appropriate breathing rate, which is then multiplied by contaminant concentration and time to estimate exposure",4,5
JC-360,Explain how particle size influences deposition fractions in the alveolar region based on the ICRP respiratory tract model.,"Particle deposition in the alveolar region is primarily influenced by diffusion, which increases with smaller particle sizes (<0.1 μm). Larger particles (>1 μm) are less likely to reach the alveoli due to impaction and sedimentation in the upper airways.","** Particle size governs alveolar deposition through the interplay of three primary mechanisms in the ICRP-66 model. **Diffusion** dominates for ultrafine particles (<0.1 µm) — these particles undergo Brownian motion and can be deposited in the alveoli, but many are also lost to the head and tracheobronchial (TB) regions en route, so alveolar deposition of ultrafines is moderate (~20–40%). **Sedimentation** dominates in the fine range (~0.1–5 µm), where particles settle under gravity within the alveolar air sacs during breath-holding; this produces a pronounced peak in alveolar deposition fraction — typically **~40–55%** at around **2–4 µm aerodynamic diameter** for resting breathing. Above ~5 µm, **impaction** in the upper airways becomes dominant, intercepting particles before they reach the alveoli, so alveolar deposition drops sharply to near zero beyond ~10 µm. The resulting curve is **bell-shaped** (unimodal) for the alveolar region, distinct from the U-shaped total respiratory deposition curve. This size-selectivity is why health risk assessments focus on **PM₂.₅** (which penetrates to the alveoli) versus **PM₁₀–PM₂.₅** (which deposits mainly in the head and TB region)",3,2
JC-361,Explain how age and activity level influence inhalation rates as outlined in the EPA Exposure Factors Handbook.,"Inhalation rates increase with physical activity due to higher ventilation demands. Additionally, age affects rates, with children having higher rates per unit body weight compared to adults due to higher metabolic demands.","** The EPA Exposure Factors Handbook (EFH 2011, Chapter 6) presents inhalation rates as a function of both age and activity level, reflecting underlying physiological differences in metabolic oxygen demand.  

**Influence of age** — Long-term average inhalation rates (m³/day) increase steadily from infancy through adolescence in parallel with body size, lung development, and resting metabolic rate: infants (<1 year) breathe **5.4 m³/day**, toddlers (1–2 years) **8.0**, children (3–6 years) **10.1**, older children (6–11 years) **12.0**, adolescents (11–16 years) **15.2**, young adults (16–21 years) **16.3**, and adults (combined) **15.7 m³/day** (males ~16.0, females ~12.0). Children breathe more air per unit body weight than adults, a key factor in pediatric exposure assessment.  

**Influence of activity level** — Short-term inhalation rates (m³/h) scale with exertion because minute ventilation rises to meet oxygen demand. The EFH provides rates for three activity levels: **light** (sitting/standing, ~1.5 m³/h), **moderate** (walking, ~2.5 m³/h), and **heavy** (running/heavy labor, ~4.8 m³/h for males). Female rates are roughly 30% lower at each exertion level due to smaller lung volumes. These activity-specific rates are used when time-activity patterns are known, allowing more refined exposure estimates than the long-term default",5,4
JC-362,How does particle size influence deposition in the tracheobronchial region of the respiratory tract according to the ICRP model?,"In the tracheobronchial region, particle size significantly influences deposition due to mechanisms like inertia and sedimentation. Larger particles (>5 μm) are more likely to deposit in this region due to their higher mass and momentum, while smaller particles (<1 μm) may bypass to the alveolar region unless airflow dynamics favor their capture.","In the ICRP respiratory tract model, tracheobronchial deposition depends strongly on particle size: it is generally lowest for mid-size particles (roughly around 0.1–1 µm) and increases for both larger and very small particles. Larger particles deposit more in the tracheobronchial airways mainly by inertial impaction and sedimentation, while ultrafine particles can also deposit there by diffusion, though many of those penetrate deeper into the alveolar region",5,5
JC-363,Discuss how age-specific inhalation rates provided in the EPA Exposure Factors Handbook can impact risk assessments for airborne pollutants in children versus adults.,"Age-specific inhalation rates acknowledge that children breathe more air relative to their body weight compared to adults, which can increase their exposure to airborne pollutants. This factor is critical when assessing health risks in vulnerable populations like children.","The EPA Exposure Factors Handbook (EFH 2011) provides age- and sex-specific default inhalation rates that have significant implications for children's risk assessments compared to adults. While adults (≥21 yr) have a long-term inhalation rate of ~15.7 m³/day, children exhibit higher rates on a per-body-weight basis: infants (<1 yr) inhale 5.4 m³/day but weigh only ~7.8 kg (a ratio of ~0.69 m³/kg-d), whereas adults at 80 kg have ~0.20 m³/kg-d — a roughly **3.4-fold higher weight-normalized ventilation** in infants. This matters because both non-cancer hazard quotients (HQ = Dose / RfD) and cancer risk (Risk = Dose × CSF) scale with **daily intake per kilogram body weight** (Dose = C × IR × ET / BW). Consequently, a child breathing the same ambient concentration as an adult receives a substantially higher dose per unit body weight, amplifying their risk. For example, an infant exposed to 10 µg/m³ of a non-carcinogen would have ~3.4× the HQ of an adult under equivalent exposure duration, potentially exceeding a hazard index of 1 at concentrations that would be safe for adults. Activity-based short-term rates further compound this: children engaged in moderate play (2.5 m³/h, light activity) can briefly elevate their minute ventilation, increasing peak dose. Risk assessments that fail to incorporate age-specific inhalation rates (i.e., applying the adult default to children) therefore systematically underestimate children's risk, a key reason EPA's RAGS Part E and Superfund guidance require age-stratified exposure parameters for sensitive subpopulations",4,4
JC-364,Why is particle size a critical factor in inhalation dose calculations?,"Particle size determines the likelihood of deposition in different regions of the respiratory tract, with larger particles more likely to deposit in the upper airways and smaller particles reaching deeper regions like the alveoli. This affects the dose delivered to specific respiratory regions.","Particle size is critical because it determines how much of an airborne particle is inhaled, where it deposits in the respiratory tract, and how long it remains there. Large particles tend to deposit in the nose and throat, smaller particles can reach the bronchi and alveoli, and ultrafine particles may penetrate deeply and even translocate into blood—so the same air concentration can produce very different internal doses and health effects depending on size",5,5
JC-365,"For a room with V=40 m³, S=200 µg/h, AER=0.7/h, k=0.2/h, and no outdoor sources, calculate the steady-state indoor PM2.5 concentration.",C_in = (200/40)/(0.7+0.2) = 5/0.9 = 5.56 µg/m³,5.56 µg/m³,5,5
JC-366,Explain how cooking emissions contribute to indoor PM2.5 levels and affect the I/O ratio in residential settings.,"Cooking emissions, especially from frying or using gas stoves, release fine particles and ultrafine PM2.5 into the indoor environment. These emissions increase indoor concentrations, sometimes surpassing outdoor levels, thus elevating the I/O ratio when cooking activities are frequent.","Cooking emissions are an indoor PM2.5 source, so they add particles directly to the home and raise indoor concentrations above what would be expected from outdoor air alone. In a simple mass-balance view, the I/O ratio is no longer just driven by penetration and air exchange; it increases when cooking source strength is high and decreases when ventilation and particle deposition remove PM2.5 efficiently",5,5
JC-367,"A person spends 18 hours indoors and 6 hours outdoors on weekdays, but 12 hours indoors and 12 hours outdoors on weekends. If the indoor concentration is 40 µg/m³ and the outdoor concentration is 20 µg/m³, calculate the weekly average exposure.",Weekday TWA = 40 µg/m³ * (18/24) + 20 µg/m³ * (6/24) = 30 µg/m³. Weekend TWA = 40 µg/m³ * (12/24) + 20 µg/m³ * (12/24) = 30 µg/m³. Weekly average = (30 µg/m³ * 5 + 30 µg/m³ * 2) / 7 = 30 µg/m³.,"24.0 µg/m³

calc: Weekday average = (18×40 + 6×20)/24 = 35 µg/m³; Weekend average = (12×40 + 12×20)/24 = 30 µg/m³.  
Weekly average = (5×35 + 2×30)/7 = 33.57 µg/m³ ≈ **33.6 µg/m³",2,1
JC-368,How does the Multiple-Path Particle Dosimetry (MPPD) model estimate regional deposition fractions in children compared to adults?,"The MPPD model accounts for anatomical differences such as smaller airway diameters and faster breathing rates in children, which increase deposition fractions in the tracheobronchial and alveolar regions compared to adults. Age-specific airway geometry and ventilation parameters are integrated into the calculations.","The MPPD model (based on the ICRP-66 deposition framework) estimates regional deposition fractions by modeling three mechanistic deposition processes — inertial impaction, gravitational sedimentation, and Brownian diffusion — across the head (extrathoracic), tracheobronchial (TB), and alveolar regions. When comparing children to adults, the model accounts for two critical physiological differences: (1) **airway morphology** — children have smaller airway diameters and shorter path lengths, which increases the likelihood of impaction (especially in the head and TB regions) and shifts the particle size at which maximum deposition occurs toward smaller aerodynamic diameters; and (2) **breathing parameters** — children have higher breathing frequencies and higher minute ventilation per kilogram of body weight, leading to higher airflow velocities that enhance impaction for coarse particles (>2–3 µm) and increased total deposition fraction relative to adults. For fine particles (~0.1–1 µm), children's smaller airways and higher flow rates cause greater TB deposition, while for ultrafine particles (<0.1 µm), diffusion-dominated deposition is somewhat higher in adults due to longer residence times. Overall, MPPD simulations consistently predict that children receive a higher *per-body-weight* deposited dose than adults at a given ambient concentration, particularly for particles >2 µm (extrathoracic and TB regions) and for very fine particles where the smaller airway dimensions alter the diffusion-impaction balance",3,3
JC-369,What is the mean skin surface area for individuals aged birth to 1 year?,0.3,0.3 m²,5,5
JC-370,How does the Multiple-Path Particle Dosimetry (MPPD) model estimate particle deposition fractions in the respiratory tract?,"The MPPD model uses computational algorithms to simulate airflow, particle behavior, and deposition mechanisms based on particle size, breathing patterns, and anatomical parameters. It provides detailed predictions of deposition fractions for different regions of the respiratory tract, including alveolar and tracheobronchial zones.","The MPPD model estimates respiratory deposition by simulating how inhaled particles move through anatomically defined airway regions and deposit by physical mechanisms such as inertial impaction, gravitational settling, and diffusion. It uses inputs like particle size and density, breathing pattern, airflow, and species/airway geometry to calculate the fraction depositing in the head airways, tracheobronchial region, and alveolar region, as well as the fraction exhaled; many implementations are based on ICRP-66-style lung dosimetry concepts",5,5
JC-371,How can GPS trajectory data be used to estimate an individual's exposure to air pollutants during their daily commute?,"GPS trajectory data provides spatial and temporal information that allows identification of the microenvironments visited during a commute, such as transit, outdoor, or indoor spaces. By combining GPS data with pollutant concentration measurements from monitoring stations or models, exposure levels for each microenvironment can be calculated. Time spent in each environment can then be used to determine a time-weighted average exposure.","GPS data can be used to reconstruct where a person traveled, how long they spent in each location or travel mode, and then link those segments to pollutant concentrations from monitors, land-use regression, dispersion models, or mobile sensing. Exposure is estimated by classifying each segment into microenvironments such as walking, cycling, car, bus, or train, assigning the corresponding air concentration, and summing concentration × time across the commute; this can be refined with ventilation rates, in-vehicle infiltration, and route-specific factors like traffic density or street canyons",5,5
JC-372,"For a room with V=40 m³, S=200 µg/h, AER=0.7/h, k=0.2/h, and no outdoor sources, calculate the steady-state indoor PM2.5 concentration.",C_in = (200/40)/(0.7+0.2) = 5/0.9 = 5.56 µg/m³,0.714 µg/m³,1,1
JC-373,What factors influence the contribution of commuter exposure to total daily exposure?,"Factors include the duration of commuting, concentration levels in vehicles or transit environments, ventilation rates, and the individual's inhalation rate during commuting.","The contribution of commuter exposure to total daily exposure is governed by three interacting domains: **(1) Time budget** — the fraction of the day spent commuting (typically ~1–2 hours/day for adults) relative to time in other microenvironments (home, work, outdoors). **(2) Concentration contrast** — the ratio of pollutant concentration in the commuting microenvironment (e.g., inside a vehicle on a congested road) versus concentrations in the residence, workplace, and outdoor settings. In-vehicle PM₂.₅ and black carbon concentrations can be 2–5× higher than urban background due to fresh traffic emissions and limited air exchange. Route choice (highway vs. side streets), vehicle ventilation settings (windows open vs. recirculation), and mode (car, bus, bicycle) all modify this contrast. **(3) Inhalation rate** — physical activity during active commuting (walking, cycling) elevates minute ventilation 2–4× above sedentary levels, amplifying the dose for the same concentration. Additional modifying factors include the pollutant of concern (e.g., ultrafine particles decay rapidly with distance from roadways, making proximity gradients critical) and meteorological conditions (wind direction, mixing height). Even a short commute can dominate total daily exposure if concentration contrast and inhalation rate are both high — a key insight of the *time-weighted exposure* framework described in EPA's Exposure Factors Handbook and the NRC's human exposure assessment paradigm",5,4
JC-374,Explain how age-specific body weight data from the EPA Exposure Factors Handbook influences the estimation of chemical exposure risks.,"Age-specific body weight data allows for more accurate estimation of chemical exposure because it helps normalize the dose per unit body weight. This is especially important for children, as their smaller body weight and higher intake rates (e.g., air, water, food) per kilogram can result in higher exposure levels compared to adults.","Age-specific body weight values from the EPA Exposure Factors Handbook (EFH) are crucial because most chemical risk metrics normalize exposure by body mass (e.g., **mg/kg-day**). In practice, the same environmental concentration and intake rate (inhalation volume or ingestion mass per day) can produce **very different doses per kg** for infants, children, and adults; lower body weight generally yields **higher mg/kg-day** and therefore higher **hazard quotients (HQ = exposure/reference)** and, for cancer, higher risk when dose drives the slope factor.

Age-specific EFH body weights also affect how you compare risk across life stages: because inhalation rates and ingestion rates vary with age alongside body weight, the **dose per kg** is determined by the combined age pattern (intake per day divided by kg). This is why EFH age-specific body weight data can shift which age group appears most sensitive, change the magnitude of estimated risk, and improve the defensibility of risk assessments by aligning exposure normalization with the physiology and demographics of the target population",5,5
JC-375,How does the Multiple-Path Particle Dosimetry (MPPD) model estimate regional deposition fractions in children compared to adults?,"The MPPD model accounts for anatomical differences such as smaller airway diameters and faster breathing rates in children, which increase deposition fractions in the tracheobronchial and alveolar regions compared to adults. Age-specific airway geometry and ventilation parameters are integrated into the calculations.","MPPD estimates regional deposition fractions by combining (1) particle size–dependent physics (inertial impaction, sedimentation, diffusion) with (2) age-specific respiratory tract geometry and (3) breathing parameters that differ between children and adults. In practice, children typically have smaller airways and different breathing patterns (often higher breathing frequency and different tidal volumes relative to body size), which shifts where particles deposit—commonly increasing deposition in the head/tracheobronchial regions for a given particle size compared with adults, while the alveolar deposition fraction can be comparatively lower or higher depending on particle size and the assumed breathing mode.

MPPD outputs deposition fractions by region—typically **head (extrathoracic), tracheobronchial (TB), alveolar (pulmonary), and total**—so the child-vs-adult comparison is made by running the model with child-specific inputs and reading the resulting regional fractions",3,4
JC-376,How does the Multiple-Path Particle Dosimetry (MPPD) model improve upon simpler models in estimating particle deposition in the respiratory system?,"The MPPD model accounts for complex airflow patterns and anatomical differences within the respiratory tract, providing detailed predictions of particle deposition in different regions. It also considers factors like particle size, shape, and density.","MPPD improves on simpler deposition models by simulating particle transport and deposition through a detailed, size-resolved respiratory tract rather than using one-size-fits-all or purely empirical “single fraction” estimates. Specifically, it (1) partitions the airway/nasal passages into multiple anatomical regions (e.g., head, tracheobronchial, alveolar) with region-specific deposition mechanisms, (2) explicitly accounts for particle size–dependent physics (inertial impaction, sedimentation, diffusion) and how those mechanisms change with airway geometry, and (3) incorporates breathing/ventilation conditions (e.g., resting vs. light/heavy breathing) that affect airflow rates and residence times. As a result, MPPD produces more realistic, mechanistically grounded deposition fractions (and can output where particles deposit), improving dose estimates compared with simpler models that often assume uniform mixing or use limited parameterizations",4,4
JC-377,Explain how age-specific body weight data from the EPA Exposure Factors Handbook influences the estimation of chemical exposure risks.,"Age-specific body weight data allows for more accurate estimation of chemical exposure because it helps normalize the dose per unit body weight. This is especially important for children, as their smaller body weight and higher intake rates (e.g., air, water, food) per kilogram can result in higher exposure levels compared to adults.","** Age-specific body weight data from the EPA Exposure Factors Handbook directly controls the **dose normalization** step in risk estimation. The core equation for chronic daily intake (CDI) is:  
**Dose = (C × IR × ET × EF × ED) / (BW × AT)**.  

Because body weight (BW) appears in the denominator, **smaller individuals — particularly infants and children — receive a higher dose per kilogram of body mass** for the same environmental concentration, intake rate, and exposure duration. For example, the EFH default BW for a 3–6 year old child is 18.6 kg versus 80 kg for an adult; all else equal, the child's dose is roughly 4.3× higher. This has two major implications: (1) **Non-cancer risk** — the hazard quotient (HQ = Dose / RfD) increases proportionally, meaning a child may exceed a safe reference dose where an adult would not; (2) **Cancer risk** — lifetime average daily dose (LADD) accounts for changing BW across age intervals (e.g., EPA typically segments life into 5 age bins), so the age-weight distribution integrated over a lifetime matters. Consequently, risk assessments must use age-appropriate BW (not adult defaults) to avoid underestimating risk to sensitive subpopulations, and regulatory decisions — such as soil cleanup levels or drinking water MCLs — are often driven by the child's scenario as the most protective",5,5
JC-378,Discuss how differential susceptibility to air pollution exposure among children and elderly populations affects health impact assessments (HIA) in urban areas.,Children: Higher ventilation rates per body weight lead to greater pollutant intake; developing lungs are more vulnerable to damage. Elderly: Reduced physiological reserve and pre-existing conditions increase risk of adverse outcomes. HIA must account for these differences to accurately model health impacts.,"Differential susceptibility means the same pollution level can produce larger health effects in children and older adults than in the general population, so HIAs should use age-specific exposure, baseline disease rates, and concentration–response functions when available. In urban areas, this usually increases estimated impacts in neighborhoods with more children, more elderly residents, or higher co-exposures, and it helps identify inequities and prioritize interventions where the most vulnerable groups live",4,3
JC-379,Discuss the limitations of using GPS-based trajectory data for personal exposure assessment in urban environments.,"Limitations include GPS signal loss in indoor environments or dense urban areas, lack of direct pollutant concentration measurements, and challenges in accurately classifying microenvironments or activities. Integration with air quality and activity datasets is required to overcome these challenges.","GPS-based trajectory data can support personal exposure assessment, but it has important limitations in urban environments:

1. **Spatial resolution and location error**
   - Consumer GPS can have errors of ~5–20 m (sometimes more), which is large relative to sharp urban gradients (e.g., near roads, street canyons, building entrances).
   - Multipath effects from tall buildings (“urban canyon”) can bias location and speed estimates, misplacing time spent near high/low concentration microenvironments.

2. **Temporal resolution and interpolation artifacts**
   - GPS sampling intervals (e.g., 1–60 s) may miss rapid transitions (crosswalks, entering/exiting buildings, short trips by transit).
   - Straight-line interpolation between points can be unrealistic (e.g., walking routes constrained by sidewalks), leading to incorrect assignment of microenvironments.

3. **Microenvironment misclassification**
   - Exposure is driven by where the person actually is (indoors vs outdoors, near a curb vs mid-block, ventilation state), not just geographic coordinates.
   - GPS often cannot reliably infer **indoor time**, **window/door status**, **HVAC operation**, **room type**, or **proximity to indoor sources** (cooking, smoking, cleaning).

4. **Proximity and “time-in-zone” uncertainty**
   - Even if the route is correct, exposure depends on **distance to emission sources** (traffic lanes, idling buses, loading docks) and **orientation** (wind direction relative to the person).
   - Small errors in path or timing can disproportionately affect exposure when concentrations change steeply over short distances.

5. **Lack of activity/behavior detail**
   - GPS provides movement but not breathing rate, exertion intensity, or fine-grained activity (e.g., running vs walking, cycling vs standing).
   - Without activity data, inhalation dose estimates can be biased because inhalation rate and exposure efficiency vary with exertion and posture.

6. **Indoor/outdoor penetration and indoor chemistry**
   - For many pollutants, indoor concentrations depend on infiltration/penetration, deposition, and indoor generation/decay.
   - Trajectory data alone typically cannot capture these processes, so indoor exposure often requires assumptions that may not match the individual’s actual indoor conditions.

7. **Pollutant-specific limitations**
   - **Reactive gases and secondary pollutants** (e.g., ozone, some VOC oxidation products) depend strongly on time since emission, sunlight, and at",5,5
JC-380,Explain the importance of using time-activity pattern data from the EPA Exposure Factors Handbook in evaluating exposure to indoor air pollutants.,"Time-activity pattern data are critical for estimating indoor air pollutant exposure because they provide insights into how much time individuals spend in specific environments. For example, adults typically spend around 90% of their day indoors, where pollutant concentrations can be higher. Incorporating these patterns allows for a more accurate assessment of cumulative exposure over time.","Time-activity pattern data are important because indoor exposure depends not just on pollutant concentration, but on how long people spend in each microenvironment, especially indoors where most exposure often occurs. EPA Exposure Factors Handbook data help convert measured or modeled indoor concentrations into more realistic exposure estimates by accounting for time spent at home, work, school, in vehicles, and outdoors, which improves dose estimation and risk assessment",5,5
JC-381,Under what conditions might the default US EPA exposure factors fail when applied to populations in other countries? Provide specific examples.,"US EPA defaults may fail when cultural practices, climate, or population-specific physiological factors differ significantly. For example, water ingestion rates may be underestimated in arid regions where hydration needs are higher, or soil ingestion rates may be inaccurate in regions with high pica prevalence. Additionally, time-activity patterns (e.g., time spent indoors versus outdoors) can vary due to occupational or lifestyle differences.","Exposure factors (e.g., inhalation rates, body weights, time-activity patterns, soil/dust ingestion, and food/water intake) can fail outside the US when local physiology, housing/behavior, climate, and diets differ from the EPA defaults. Examples include: (1) **Different body size/age structure**—e.g., many South Asian and East Asian populations have different average body weights and growth patterns than EPA “adult/child” defaults, affecting dose per kg; (2) **Different time-activity and indoor/outdoor patterns**—e.g., in hot climates people may spend more time outdoors at night or use different ventilation practices, so “indoors/outdoors/vehicle hours” and infiltration assumptions don’t match; (3) **Different dust/soil contact and ingestion**—e.g., in settings with unpaved roads, higher household dust, or different child play behaviors, **soil/dust ingestion rates** can be much higher (or sometimes lower) than EPA default child pica/soil ingestion assumptions; (4) **Different water sources and consumption**—e.g., reliance on **well water** or different cooking practices can change drinking-water intake and exposure pathways compared with US assumptions; (5) **Different dietary patterns**—e.g., higher consumption of locally grown produce, fish, or staple grains can shift ingestion exposure even if inhalation factors are correct; (6) **Different pollutant microenvironments and commuting**—e.g., frequent use of informal transport (motorbikes, buses with different ventilation) and different commuting durations can make EPA “IR/ET” mismatched; (7) **Cultural/behavioral differences in smoking and secondhand smoke**—e.g., higher prevalence of indoor biomass burning or tobacco exposure changes effective inhalation exposure and time spent in high-concentration microenvironments",5,5
JC-382,Explain why the I/O ratio of PM10 is typically higher than PM2.5 in areas with significant indoor dust sources.,"PM10 is more influenced by resuspension from indoor surfaces due to its larger size, whereas PM2.5 primarily infiltrates from outdoor air.","In areas with significant indoor dust sources, the indoor particles are often dominated by resuspended coarse material (e.g., soil, grit, skin flakes, fabric/household dust) that is enriched in **PM10** relative to **PM2.5**. Coarse particles (2.5–10 µm) are more likely to be generated indoors and to remain in the indoor air long enough to contribute to the measured indoor concentration, while **PM2.5** is more strongly controlled by outdoor-origin fine particles and by indoor removal processes.

Mechanistically, this leads to a higher **I/O ratio for PM10** because:
- **Indoor source strength is size-selective:** dust resuspension preferentially produces/maintains the coarse fraction (PM10), increasing indoor concentrations without requiring outdoor penetration.
- **Indoor deposition/removal differs by size:** coarse particles tend to deposit faster, but if the source is strong enough, their indoor concentration still rises substantially; meanwhile PM2.5 may be comparatively less boosted by dust resuspension and more limited by penetration and dilution.
- **Outdoor penetration alone can’t explain it:** when indoor generation is important, indoor-to-outdoor ratios rise more for the size range that the indoor source emits most (PM10)",5,5
JC-383,What biases might arise when comparing personal monitoring data to area monitoring data?,"Biases include spatial mismatch, differential time spent near sources, and variability in microenvironment concentrations. Personal monitoring may overestimate individual exposure compared to area averages.","Several key biases arise when comparing personal monitoring data to area (fixed-site) monitoring data. **Spatial representativeness bias** occurs because a single area monitor may not capture the concentration gradients a person experiences across neighborhoods, near roadways, or near point sources. **Temporal activity-pattern bias** arises because personal exposure integrates time spent in multiple microenvironments (indoors, in transit, outdoors) with different air exchange rates and sources, whereas the area monitor reflects only outdoor air at one location. **Exposure misclassification bias** occurs when the area monitor's reading is treated as a surrogate for personal exposure — this is differential by population subgroup (e.g., commuters, people who spend more time indoors, those near emission sources), diluting or distorting health effect estimates. **Penetration and indoor-source bias** means that for pollutants like PM2.5, the indoor-outdoor relationship depends on building filtration, air exchange rates, and indoor sources (cooking, cleaning), so the area monitor poorly reflects inhaled dose. Finally, **instrument and averaging-time bias** can arise from different measurement methods, detection limits, and temporal resolution between personal (often integrated/sample-based) and area (often continuous) instruments, leading to systematic differences",5,5
JC-384,Explain how cooking emissions contribute to indoor PM2.5 levels and affect the I/O ratio in residential settings.,"Cooking emissions, especially from frying or using gas stoves, release fine particles and ultrafine PM2.5 into the indoor environment. These emissions increase indoor concentrations, sometimes surpassing outdoor levels, thus elevating the I/O ratio when cooking activities are frequent.","** Cooking emissions are a dominant indoor source of PM₂.₅, introducing the source term **S** (mass per time) into the indoor mass-balance equation:  

\[
C_{in} = \frac{P \cdot AER \cdot C_{out} + S/V}{AER + k_{dep}}
\]

In the absence of indoor sources (S = 0) and deposition (k_dep = 0), the I/O ratio simplifies to the penetration factor **P** — typically 0.7–1.0 for fine particles. When cooking occurs (e.g., frying, broiling, or oil heating), S becomes strongly positive, injecting PM₂.₅ directly into the indoor space. This raises the numerator and therefore elevates C_in far above P·C_out, causing the I/O ratio to substantially exceed 1.0 (often reaching 5–20+ during cooking events). Key modulating factors include:  

- **Ventilation (AER):** Higher air exchange rates dilute the cooking-generated PM₂.₅ more rapidly, lowering the peak I/O ratio.  
- **Range hood use / capture efficiency:** Effective exhaust ventilation removes a fraction of S before it disperses.  
- **Deposition (k_dep):** Particles settle onto surfaces over time, reducing the post-cooking steady-state concentration.  
- **Particle size:** Cooking aerosols are typically in the fine-to-ultrafine mode (0.01–0.3 µm), which have lower deposition velocities and can remain airborne longer, sustaining an elevated I/O ratio for hours after cooking ends.  

Thus, cooking fundamentally shifts the I/O ratio from a penetration-dominated (sub-unity) regime to a source-dominated (supra-unity) regime, making residential indoor PM₂.₅ often higher than outdoor levels in the absence of strong ventilation",5,4
JC-385,Why is the elderly population (>65 years) often identified as susceptible in studies on air pollution health impacts?,"Elderly individuals are susceptible due to reduced physiological reserves, higher prevalence of chronic diseases, and diminished ability to recover from health insults. This makes them more prone to severe outcomes like cardiovascular and respiratory diseases from air pollution exposure.","Adults over 65 are often identified as susceptible because aging is associated with reduced physiologic reserve, more pre-existing cardiovascular and respiratory disease, and less efficient immune and repair responses. They also tend to have higher baseline rates of hospitalization and mortality, so the same pollution exposure can produce larger measurable health impacts",5,5
JC-386,"What role does the EPA Exposure Factors Handbook play in evaluating the health risks associated with food ingestion, and why is age-specific data critical in this context?","The handbook provides detailed food ingestion rates for different age groups, which is critical for estimating dietary exposure to contaminants in food. Age-specific data are important because children, for example, eat more food relative to their body weight compared to adults, making them more vulnerable to foodborne contaminants.","The EPA Exposure Factors Handbook provides default values for factors like food ingestion rates, body weight, and exposure duration that are used to estimate how much contaminant a person may take in through food. Age-specific data are critical because children, adolescents, and adults differ in eating patterns, body size, and susceptibility, so using the wrong age group can substantially misestimate dose and health risk",4,4
JC-387,"How does the BenMAP tool estimate mortality and morbidity impacts of air pollution, and what are its critical inputs?","BenMAP estimates health impacts by applying exposure-response functions to population data and air pollution levels. Key inputs include baseline health incidence rates, population demographics, air quality data, and exposure-response coefficients. The tool models changes in health outcomes under various scenarios, allowing policymakers to assess the benefits of air quality interventions.","BenMAP estimates air-pollution health impacts by (1) converting modeled/observed pollutant concentrations to population-level exposures (often using exposure-response “cell” logic and, optionally, exposure distributions), (2) applying concentration–response (C-R) functions to compute relative risks (or attributable fractions) for specific health endpoints, and (3) combining those risks with baseline health rates (mortality or morbidity incidence/prevalence) and the exposed population to calculate attributable cases (and, depending on settings, years of life lost, disability, or other burden metrics). It can also run counterfactual scenarios (e.g., “policy” vs “baseline”) and report changes in impacts.

Critical inputs BenMAP typically requires include:
- **Air quality / concentration inputs**: pollutant(s) (e.g., PM2.5, O3, NO2), concentration fields by location and time/averaging period, and the **scenario definition** (baseline vs counterfactual/policy).
- **Population & demographics**: gridded or county-level **population counts** and, for age/sex-specific endpoints, **age/sex structure** (and sometimes additional stratifiers).
- **Health endpoint definitions**: which **mortality/morbidity outcomes** to estimate (e.g., all-cause, IHD, stroke; hospital admissions; ER visits; restricted activity days).
- **Baseline health rates**: baseline **mortality rates** (or baseline incidence for morbidity) by location and sometimes by age/sex.
- **Concentration–response functions**: endpoint-specific **effect estimates** (e.g., RR per unit change in concentration), including the **exposure metric** (e.g., annual mean, 24-hr mean, lag structure) and any **threshold/tmrel assumptions**.
- **Exposure-response application settings**: how BenMAP applies C-R (e.g., log-linear vs other forms), **attributable fraction** method, and whether it uses **uncertainty/Monte Carlo** sampling.
- **Optional modifiers** (depending on configuration): e.g., **baseline survival / life expectancy** for YLL, **co-benefits**/additional endpoints, and **spatial matching** between concentration grids and health/population data",5,5
JC-388,Explain how age and activity level influence inhalation rates as outlined in the EPA Exposure Factors Handbook.,"Inhalation rates increase with physical activity due to higher ventilation demands. Additionally, age affects rates, with children having higher rates per unit body weight compared to adults due to higher metabolic demands.","Age and activity level influence inhalation rates in the EPA Exposure Factors Handbook (EFH) because inhalation rate is treated as a function of both **physiology (age)** and **breathing demand (activity)**. EFH provides different long-term inhalation rates by age group (e.g., infants/young children have much lower m³/day than older children and adults) since smaller bodies and lower ventilation needs reduce the volume of air inhaled per day.

Activity level further increases inhalation rate: EFH distinguishes **light, moderate, and heavy** activity with progressively higher inhalation rates (in m³/hour) because higher activity raises ventilation (breathing frequency and/or tidal volume). In exposure calculations, these higher inhalation rates mean a person inhales more air (and thus more pollutant mass, at a given concentration) during periods of greater activity, so age- and activity-specific inhalation rates directly scale estimated dose",4,4
JC-389,How does particle size influence deposition in the tracheobronchial region of the respiratory tract according to the ICRP model?,"In the tracheobronchial region, particle size significantly influences deposition due to mechanisms like inertia and sedimentation. Larger particles (>5 μm) are more likely to deposit in this region due to their higher mass and momentum, while smaller particles (<1 μm) may bypass to the alveolar region unless airflow dynamics favor their capture.","According to the ICRP-66 model (as implemented in MPPD), tracheobronchial (TB) deposition follows a U-shaped curve with particle size, governed by three competing mechanisms. **Diffusion** dominates for ultrafine particles (<0.1 µm), yielding ~20% TB deposition at 0.01 µm (resting breathing). **Impaction and sedimentation** dominate for coarse particles, producing a rising TB deposition that peaks around 2.5–4 µm (~10%). However, above ~5 µm, TB deposition drops sharply (to ~5% at 10 µm) because the **extrathoracic (head) region acts as an efficient pre-filter** — depositing ~85% of 10 µm particles before they reach the trachea. The **minimum TB deposition (~8%) occurs in the accumulation mode (~0.5–1 µm)**, where neither diffusion nor impaction/sedimentation is highly effective. Breathing pattern also matters: higher ventilation rates shift the curve by increasing impaction for coarse particles and reducing diffusion time for ultrafines",3,3
JC-390,How do cooking emissions impact indoor PM2.5 levels?,"Cooking emissions, particularly from frying or using gas stoves, release fine particulate matter (PM2.5) into the indoor air. These emissions can significantly increase indoor PM2.5 levels, especially in poorly ventilated spaces.","Cooking emissions are one of the most significant indoor sources of PM2.5, often dominating indoor concentrations during meal preparation. Within the indoor mass balance framework — C_in = (P·AER·C_out + S/V) / (AER + k_dep) — cooking introduces a strong source term (S, mass emitted per hour) that can raise indoor PM2.5 by tens to hundreds of µg/m³ above background. The magnitude depends critically on cooking method (frying and stir-frying produce far more PM than boiling or steaming), oil type and temperature (higher temperatures and unsaturated oils emit more particles), and the use of range hoods (unvented or recirculating hoods remove far less PM than externally vented ones). Real-world studies show that without exhaust ventilation, a typical frying session can elevate indoor PM2.5 to 100–500 µg/m³, while prolonged cooking with poor ventilation can sustain levels well above the WHO AQG 24-hour guideline of 15 µg/m³ for hours after cooking ceases, as particles slowly decay via air exchange and deposition",5,4
JC-391,"Estimate the number of attributable deaths in a city with a population of 1,000,000, a baseline mortality rate for IHD of 150 deaths per 100,000 per year, and a PAF of 0.125 due to PM2.5 exposure.","Attributable deaths = baseline rate × population × PAF = (150/100,000) × 1,000,000 × 0.125 = 187.5 deaths/year.",187.5 deaths/year (about 188 deaths/year),5,5
JC-392,How does the Multiple-Path Particle Dosimetry (MPPD) model estimate particle deposition fractions in the respiratory tract?,"The MPPD model uses computational algorithms to simulate airflow, particle behavior, and deposition mechanisms based on particle size, breathing patterns, and anatomical parameters. It provides detailed predictions of deposition fractions for different regions of the respiratory tract, including alveolar and tracheobronchial zones.","The Multiple-Path Particle Dosimetry (MPPD) model estimates particle deposition fractions in the respiratory tract by combining three fundamental physical mechanisms — **inertial impaction** (dominant for particles >~1 µm, especially in the upper airways where airflow bends), **gravitational sedimentation** (important for 0.5–5 µm particles in smaller airways where residence time is longer), and **Brownian diffusion** (dominant for ultrafine particles <0.1 µm, where random thermal motion drives them to airway walls). The model applies these mechanisms across three anatomical compartments (extrathoracic/head, tracheobronchial/TB, and alveolar regions) using age-appropriate lung morphometry (airway dimensions, branching asymmetry, and lung volume) coupled with breathing parameters (tidal volume, breathing frequency, and inspiratory flow rate). Critically, MPPD uses an asymmetric, multiple-path lung structure — rather than a single symmetric pathway — which better represents the stochastic nature of airway bifurcation patterns in real lungs, and outputs regional deposition fractions (head, TB, alveolar, and total) as a function of particle size, density, and breathing scenario",5,5
JC-393,Describe the primary reason for the WHO's tightening of the annual NO2 guideline from 40 µg/m³ in 2005 to 10 µg/m³ in 2021.,The guideline was tightened due to emerging evidence of significant cardiovascular and respiratory effects at lower NO2 concentrations than previously understood.,"The main reason was new evidence showing adverse health effects from NO2 at much lower concentrations than previously recognized, especially respiratory impacts and associations with mortality and asthma in children. WHO therefore tightened the annual guideline to better protect health based on the updated evidence base",5,4
JC-394,Why is time-weighted averaging (TWA) important for calculating exposure using GPS trajectory data?,"TWA integrates the pollutant concentration from various microenvironments over time, providing an overall exposure estimate. GPS trajectory data helps determine the time spent in each microenvironment, which is essential for accurate TWA calculation.","Time-weighted averaging is important because GPS trajectory data tell you where a person was and for how long, and exposure depends on both concentration and duration. TWA combines the varying concentrations across microenvironments into one representative average exposure over the full period, so short high-exposure periods and long low-exposure periods are weighted appropriately",5,5
JC-395,Discuss how age-specific inhalation rates provided in the EPA Exposure Factors Handbook can impact risk assessments for airborne pollutants in children versus adults.,"Age-specific inhalation rates acknowledge that children breathe more air relative to their body weight compared to adults, which can increase their exposure to airborne pollutants. This factor is critical when assessing health risks in vulnerable populations like children.","Children vs adults can receive substantially different inhaled doses from the same airborne concentration because EPA Exposure Factors Handbook (EFH) inhalation rates are age-specific and are typically higher per unit body mass for younger children. This changes risk assessment outputs (e.g., intake, hazard quotient, and sometimes cancer risk) even when the ambient concentration is identical.

Key ways age-specific inhalation rates affect risk assessments:
- **Higher breathing volumes for children (per kg):** EFH provides lower absolute inhalation rates than adults for young children, but because children have **much lower body weight**, the **dose per kg** from inhalation can be higher. Many noncancer risk metrics (e.g., HQ) scale with **dose/body weight**, so this can increase risk estimates for children.
- **Different time-activity patterns:** EFH also reflects that children often spend more time **indoors** (and may have different outdoor/vehicle exposure). When combined with age-specific inhalation rates, this can shift both the **magnitude** and **microenvironment** of exposure, altering risk.
- **Age-dependent susceptibility and toxicodynamics (beyond inhalation rate):** Even if inhalation-rate differences were the only factor, children may still be more sensitive for some endpoints. Risk assessments often incorporate this via age-specific toxicity values (when available) or uncertainty factors; inhalation-rate differences compound those effects.
- **Noncancer vs cancer calculations:**  
  - For **noncancer** effects, risk commonly uses **HQ = exposure / reference** (with exposure often proportional to inhalation dose per kg), so age-specific inhalation rates can directly drive higher HQs in children.  
  - For **cancer** risk, the same inhalation dose (or dose metric) is used with an inhalation unit risk; higher dose per kg from higher effective inhalation rates can increase estimated lifetime cancer risk for children.
- **Uncertainty and conservatism:** Using age-specific EFH values reduces bias compared with applying a single adult inhalation rate to all ages. However, it can also make children’s risk estimates more conservative if the chosen EFH inhalation rates and time-activity assumptions are on the higher end for the child population.

Overall, incorporating EFH age-specific inhalation rates helps ensure that risk assessments reflect **realistic, age-appropriate internal dose** from inhaled pollutants, typically leading to **greater estimate",4,4
JC-396,Describe how environmental tobacco smoke (ETS) contributes to indoor air pollution and influences the I/O ratio of PM2.5.,"ETS is a major indoor source of PM2.5, releasing fine particles and VOCs directly into the indoor environment. Homes with active smoking often exhibit elevated PM2.5 levels indoors, resulting in an I/O ratio greater than 1, as ETS adds to indoor pollutant loads independent of outdoor concentrations.","Environmental tobacco smoke (ETS) is a direct indoor source of fine particles, so it adds PM2.5 inside homes and other enclosed spaces independent of outdoor air. Because of that added indoor emission, the indoor/outdoor (I/O) ratio of PM2.5 increases above what would be expected from infiltration alone; in smoke-free settings the I/O ratio is driven mainly by outdoor penetration, but with ETS it can exceed 1 and sometimes be much higher",5,5
JC-397,What factors influence the contribution of commuter exposure to total daily exposure?,"Factors include the duration of commuting, concentration levels in vehicles or transit environments, ventilation rates, and the individual's inhalation rate during commuting.","Commuter exposure’s share of total daily exposure is mainly driven by (1) **time spent commuting** (duration and frequency), (2) **pollutant concentration during commuting**, especially **near-road/traffic levels** (distance to road, traffic intensity, meteorology), and (3) **microenvironment conditions in the commute**—for example **in-vehicle vs. outdoor infiltration/ventilation**, window position, HVAC mode (recirculation vs outside air), and **filtration**. It also depends on (4) **activity pattern** (walking/biking to/from stops, idling, exertion affecting breathing rate), (5) **personal factors** that change dose (age/body weight, breathing rate, susceptibility), and (6) **how the rest of the day is spent** (home/indoor concentrations, time outdoors, other high-exposure periods), which sets the baseline for comparison",5,5
JC-398,Describe how gender-specific body weight data in the EPA Exposure Factors Handbook impacts dietary exposure assessments.,"Gender-specific body weight data are vital for dietary exposure assessments because they allow for the calculation of ingestion rates that account for physiological differences between males and females. For instance, males tend to have higher body weights, which may result in lower per-kilogram exposure when consuming the same amount of a contaminant as females.","Gender-specific body weight values in the EPA Exposure Factors Handbook affect dietary exposure because intake is often normalized as mg/kg-day, so a lower default body weight yields a higher estimated dose for the same food contaminant intake. Using sex-specific body weights can therefore change estimated exposure, hazard quotients, and cancer risk, and may improve realism when assessments are stratified by male/female populations rather than using a single combined adult default",5,5
JC-399,"Describe the factors that influence the penetration factor of PM2.5 into indoor environments, and discuss how these factors vary for different building envelope materials.","Penetration factor is influenced by particle size, building envelope tightness, and the presence of filters. For example, well-sealed buildings with dense materials like concrete have lower penetration factors compared to older buildings with porous materials like wood.","PM2.5 penetration into indoor air is mainly controlled by the building’s airtightness, air exchange rate, pressure differences, particle size, and the penetration factor itself, which reflects how easily particles pass through cracks, gaps, and leaks in the envelope. It is also influenced by deposition losses on surfaces and by filtration in HVAC systems if outdoor air is mechanically brought indoors.

Building envelope materials matter because they differ in porosity, joint tightness, and leakage pathways: leaky wood-frame or older masonry buildings often allow higher penetration than tightly sealed concrete, metal, or well-weatherized buildings. Materials and assemblies that create more cracks, gaps, or permeable interfaces generally increase infiltration, while dense, well-sealed, or insulated envelope systems reduce it",5,5
JC-400,Explain how cooking emissions contribute to indoor PM2.5 levels and affect the I/O ratio in residential settings.,"Cooking emissions, especially from frying or using gas stoves, release fine particles and ultrafine PM2.5 into the indoor environment. These emissions increase indoor concentrations, sometimes surpassing outdoor levels, thus elevating the I/O ratio when cooking activities are frequent.","Cooking is a major indoor PM2.5 source because frying, sautéing, grilling, and high-temperature cooking generate fine particles from oils, food, and combustion, especially with gas stoves. In homes without strong ventilation, these emissions can sharply increase indoor PM2.5 and make the indoor/outdoor (I/O) ratio rise toward or above 1; when cooking is intense, indoor concentrations may exceed outdoor levels, so the I/O ratio reflects both outdoor infiltration and indoor source strength, not just penetration from outdoors",5,5
